Year,Lower Super Output Area,Output Area Number,Distribution Substation,Distribution Substation Number,Long,Lat
17,Lansdown LSOA,E00189496,Admiralty Ensleigh,160027,-2.372376816,51.40522209
17,Lansdown LSOA,E00189496,Admiralty Ensleigh,160027,-2.37180132,51.40607271
23,Lansdown LSOA,E00189496,Admiralty Ensleigh,160027,-2.37245043,51.40632346
17,Lansdown LSOA,E00189496,Admiralty Ensleigh,160027,-2.371494001,51.40658847
17,Lansdown LSOA,E00189496,Admiralty Ensleigh,160027,-2.371381738,51.40670078
17,Lansdown LSOA,E00189496,Admiralty Ensleigh,160027,-2.371877329,51.40666305
17,Lansdown LSOA,E00189496,Admiralty Ensleigh,160027,-2.371694532,51.40681702
17,Lansdown LSOA,E00189496,Admiralty Ensleigh,160027,-2.372020424,51.40547586
17,Lansdown LSOA,E00189496,Admiralty Ensleigh,160027,-2.371337926,51.40592681
14,Lansdown LSOA,E00189496,Admiralty Ensleigh,160027,-2.372604411,51.40499707
23,Lansdown LSOA,E00189496,Admiralty Ensleigh,160027,-2.373414702,51.40457721
23,Lansdown LSOA,E00189496,Admiralty Ensleigh,160027,-2.374399558,51.4057901
23,Lansdown LSOA,E00189496,Admiralty Ensleigh,160027,-2.374218386,51.40601851
17,Bearflat LSOA,E00072818,Alexandra Park,160146,-2.362695313,51.37214079
23,Bearflat LSOA,E00072818,Alexandra Park,160146,-2.364477153,51.37262911
11,Bearflat LSOA,E00072829,Alexandra Park,160146,-2.362689179,51.37320076
14,Bearflat LSOA,E00072829,Alexandra Park,160146,-2.362326738,51.37323978
10,Bearflat LSOA,E00072829,Alexandra Park,160146,-2.361012822,51.37453378
23,Prior Park LSOA,E00073142,Alexandra Park,160146,-2.35959393,51.3723841
13,Camden Crescent LSOA,E00072808,Alpine Gardens,160382,-2.360279901,51.39004463
17,Newbridge LSOA,E00072880,Apsley Road,160001,-2.398040151,51.3880336
23,Newbridge LSOA,E00072880,Apsley Road,160001,-2.397918707,51.38663322
20,Newbridge LSOA,E00072880,Apsley Road,160001,-2.398439477,51.38631017
11,Newbridge LSOA,E00072880,Apsley Road North Ba,160242,-2.394904071,51.3895777
21,Newbridge LSOA,E00072880,Apsley Road North Ba,160242,-2.394928175,51.38986952
23,Newbridge LSOA,E00072880,Apsley Road North Ba,160242,-2.394945633,51.39009341
12,Newbridge LSOA,E00072880,Apsley Road North Ba,160242,-2.393088239,51.38841666
21,Newbridge LSOA,E00072880,Apsley Road North Ba,160242,-2.396534971,51.38753803
17,RUH LSOA,E00072882,Apsley Road North Ba,160242,-2.395278705,51.38680033
18,Lower Weston LSOA,E00072766,Audley Avenue,160163,-2.38089073,51.3865429
17,Lower Weston LSOA,E00072767,Audley Avenue,160163,-2.382378485,51.38509311
23,Lower Weston LSOA,E00072760,Badminton Gdns,160011,-2.382684342,51.38860944
23,Lower Weston LSOA,E00072760,Badminton Gdns,160011,-2.382948239,51.38883
23,Lower Weston LSOA,E00072760,Badminton Gdns,160011,-2.383170292,51.38895248
17,Lower Weston LSOA,E00072760,Badminton Gdns,160011,-2.383431948,51.38928941
12,Lower Weston LSOA,E00072760,Badminton Gdns,160011,-2.384600936,51.38898338
13,Lower Weston LSOA,E00072760,Badminton Gdns,160011,-2.385102639,51.38923454
17,Lower Weston LSOA,E00072760,Badminton Gdns,160011,-2.385296647,51.38875063
20,Lower Weston LSOA,E00072765,Badminton Gdns,160011,-2.382918335,51.38719589
17,Lower Weston LSOA,E00072765,Badminton Gdns,160011,-2.382670131,51.38746032
23,Lower Weston LSOA,E00072765,Badminton Gdns,160011,-2.382239266,51.38854538
17,Lower Weston LSOA,E00072765,Badminton Gdns,160011,-2.382240407,51.38864039
23,Lambridge LSOA,E00072779,Bailbrook,160002,-2.331170452,51.40128657
13,Lambridge LSOA,E00072779,Bailbrook,160002,-2.32960984,51.40229735
17,Lambridge LSOA,E00072779,Bailbrook,160002,-2.328375559,51.40342885
23,Lambridge LSOA,E00072780,Bailbrook Buildings,164045,-2.338732058,51.4014077
21,Lambridge LSOA,E00072780,Bailbrook Buildings,164045,-2.339895772,51.40316569
23,Lambridge LSOA,E00072794,Bailbrook Buildings,164045,-2.338108802,51.40334603
12,Lambridge LSOA,E00072794,Bailbrook Buildings,164045,-2.337073115,51.40326458
12,Lambridge LSOA,E00072794,Bailbrook Buildings,164045,-2.337422453,51.40276679
18,Lambridge LSOA,E00072779,Bailbrook House,160121,-2.330715932,51.4013841
23,Lambridge LSOA,E00072783,Bailbrook House,160121,-2.33443265,51.39933068
20,Lambridge LSOA,E00072783,Bailbrook House,160121,-2.334408624,51.39881807
20,Lambridge LSOA,E00072783,Bailbrook House,160121,-2.334644544,51.39877348
20,Lambridge LSOA,E00072783,Bailbrook House,160121,-2.334040249,51.39897561
20,Lambridge LSOA,E00072783,Bailbrook House,160121,-2.333691376,51.39913438
20,Lambridge LSOA,E00072783,Bailbrook House,160121,-2.333334657,51.3992884
20,Lambridge LSOA,E00072783,Bailbrook House,160121,-2.333111783,51.39941723
23,Lambridge LSOA,E00072794,Bailbrook Tunnel,164131,-2.337673606,51.40215571
13,The Circus LSOA,E00072566,Bartlett Street,160003,-2.362399431,51.38558464
17,Great Pulteney LSOA,E00072575,Bath & Portland Off,164066,-2.356560608,51.3786052
23,Entry Hill LSOA,E00072825,Bath Special School Frome Rd,164167,-2.370513978,51.35558541
17,Lambridge LSOA,E00072793,Batheaston Local,160046,-2.338478182,51.3975408
23,Fairfield LSOA,E00072790,Baytree Road,160205,-2.351683437,51.39858622
23,Fairfield LSOA,E00072790,Baytree Road,160205,-2.351011955,51.39875684
13,Fairfield LSOA,E00072791,Baytree Road,160205,-2.351090404,51.39754338
23,Combe Down LSOA,E00072666,Beechwood Rd,160184,-2.347019398,51.3580985
13,Combe Down LSOA,E00072666,Beechwood Rd,160184,-2.344991967,51.35616953
23,Combe Down LSOA,E00072666,Beechwood Rd,160184,-2.346355891,51.35801675
13,Combe Down RFC LSOA,E00072667,Beechwood Rd,160184,-2.347754371,51.35726209
13,Combe Down RFC LSOA,E00072667,Beechwood Road West,162138,-2.349637867,51.35696862
23,Combe Down RFC LSOA,E00072667,Beechwood Road West,162138,-2.349920711,51.35737671
22,Combe Down RFC LSOA,E00072667,Beechwood Road West,162138,-2.350560428,51.35758795
23,Combe Down RFC LSOA,E00072667,Beechwood Road West,162138,-2.348415805,51.35751149
23,Camden West LSOA,E00073054,Belgrave Crescent,160288,-2.358621924,51.39243182
12,Camden West LSOA,E00073057,Belgrave Crescent,160288,-2.358574765,51.39265691
23,Camden West LSOA,E00073057,Belgrave Crescent,160288,-2.357674143,51.39204068
17,Oldfield Park LSOA,E00170253,Bellotts Road,160005,-2.383270188,51.38081956
23,Oldfield Park LSOA,E00170253,Bellotts Road,160005,-2.382948732,51.38107103
20,Oldfield Park LSOA,E00170253,Bellotts Road,160005,-2.3828508,51.38075392
13,Roundhill LSOA,E00073014,Belmore Gardens,164017,-2.391137945,51.36761113
23,Roundhill LSOA,E00073014,Belmore Gardens,164017,-2.391970034,51.36754122
23,Roundhill LSOA,E00073014,Belmore Gardens,164017,-2.39193421,51.36709746
17,Entry Hill LSOA,E00072823,Berewyke,160006,-2.377905119,51.35965791
17,Entry Hill LSOA,E00072826,Berewyke,160006,-2.371346761,51.35900924
23,Entry Hill LSOA,E00072826,Berewyke,160006,-2.374276714,51.35875179
23,Entry Hill LSOA,E00072826,Berewyke,160006,-2.374622702,51.35849615
17,Odd Down South LSOA,E00072895,Berewyke,160006,-2.378274255,51.35904849
17,Odd Down South LSOA,E00072895,Berewyke,160006,-2.378334987,51.35907197
17,Odd Down South LSOA,E00072895,Berewyke,160006,-2.378389959,51.35909426
17,Odd Down South LSOA,E00072895,Berewyke,160006,-2.378452695,51.35912442
17,Odd Down South LSOA,E00072895,Berewyke,160006,-2.378500576,51.35914892
17,Odd Down South LSOA,E00072895,Berewyke,160006,-2.378569446,51.35883771
17,Odd Down South LSOA,E00072895,Berewyke,160006,-2.378624108,51.35887283
17,Odd Down South LSOA,E00072895,Berewyke,160006,-2.378670992,51.35890335
17,Odd Down South LSOA,E00072895,Berewyke,160006,-2.37874433,51.35892627
17,Odd Down South LSOA,E00072895,Berewyke,160006,-2.378806023,51.35900827
17,Odd Down South LSOA,E00072895,Berewyke,160006,-2.378856565,51.35904132
17,Odd Down South LSOA,E00072895,Berewyke,160006,-2.378903293,51.35906176
17,Odd Down South LSOA,E00072895,Berewyke,160006,-2.378945109,51.35913977
17,Odd Down South LSOA,E00072895,Berewyke,160006,-2.378991119,51.35918009
11,Entry Hill LSOA,E00072824,Bladud Entry Hill,160260,-2.365662678,51.36273465
23,Whiteway LSOA,E00073003,Blagdon Park,160352,-2.401561161,51.37220052
17,Whiteway LSOA,E00073003,Blagdon Park,160352,-2.399446134,51.37225757
12,Bloomfield LSOA,E00072813,Bloomfield Ave,160294,-2.369630937,51.37317491
17,Bloomfield LSOA,E00072813,Bloomfield Ave,160294,-2.37305969,51.37290962
23,Bloomfield LSOA,E00072813,Bloomfield Ave,160294,-2.372714563,51.3728323
19,Bloomfield LSOA,E00072813,Bloomfield Ave,160294,-2.369775523,51.37318244
23,Bloomfield LSOA,E00072813,Bloomfield Ave,160294,-2.369659263,51.37393015
23,Bloomfield LSOA,E00072816,Bloomfield Ave,160294,-2.371864012,51.37305537
20,Bloomfield LSOA,E00072816,Bloomfield Ave,160294,-2.371421398,51.37282436
14,Bloomfield LSOA,E00072816,Bloomfield Ave,160294,-2.371416312,51.37303263
20,Bloomfield LSOA,E00072816,Bloomfield Ave,160294,-2.37150343,51.37255668
21,Bloomfield LSOA,E00072816,Bloomfield Ave,160294,-2.370775153,51.37228522
20,Bloomfield LSOA,E00072816,Bloomfield Ave,160294,-2.370618612,51.37190469
20,Bloomfield LSOA,E00072816,Bloomfield Ave,160294,-2.371219025,51.3718178
21,Bloomfield LSOA,E00072816,Bloomfield Ave,160294,-2.370943654,51.37248992
11,Bloomfield LSOA,E00072816,Bloomfield Ave,160294,-2.370678047,51.371766
20,Bloomfield LSOA,E00072816,Bloomfield Ave,160294,-2.370620693,51.37160806
17,Bloomfield LSOA,E00072816,Bloomfield Ave,160294,-2.371373438,51.37206643
17,Bloomfield LSOA,E00072816,Bloomfield Ave,160294,-2.371329379,51.37195175
23,Bloomfield LSOA,E00072821,Bloomfield Drive,160113,-2.372762979,51.36577113
23,Entry Hill LSOA,E00072822,Bloomfield Drive,160113,-2.376311956,51.36435761
17,Odd Down North LSOA,E00072894,Bloomfield Drive,160113,-2.378069116,51.36348267
21,Rush Hill LSOA,E00072905,Bloomfield Drive,160113,-2.379597905,51.36460472
21,Rush Hill LSOA,E00072905,Bloomfield Drive,160113,-2.378587724,51.36454228
13,Rush Hill LSOA,E00072905,Bloomfield Drive,160113,-2.376456134,51.36458106
23,Bloomfield LSOA,E00072820,Bloomfield Grove,160152,-2.372056776,51.36793674
23,Bloomfield LSOA,E00072820,Bloomfield Grove,160152,-2.371250096,51.36789336
12,Bloomfield LSOA,E00072820,Bloomfield Grove,160152,-2.370420362,51.36820092
12,Bloomfield LSOA,E00072820,Bloomfield Grove,160152,-2.370224271,51.36828434
12,Bloomfield LSOA,E00072820,Bloomfield Grove,160152,-2.368545833,51.36940644
23,Bloomfield LSOA,E00072820,Bloomfield Grove,160152,-2.368868271,51.36933435
23,Bloomfield LSOA,E00072820,Bloomfield Grove,160152,-2.36897017,51.3692687
23,Bloomfield LSOA,E00072820,Bloomfield Grove,160152,-2.371150985,51.36857769
12,Bloomfield LSOA,E00072820,Bloomfield Grove,160152,-2.370117636,51.36831246
16,Englishcombe LSOA,E00072908,Bloomfield Grove,160152,-2.373660776,51.36781005
23,Green Park LSOA,E00072757,Bluecoat House,164208,-2.363801208,51.38141053
13,Mulberry Park LSOA,E00072682,Bradford Rd Co-Op,160265,-2.35792659,51.35812222
17,Mulberry Park LSOA,E00072682,Bradford Rd Co-Op,160265,-2.357778248,51.35841122
23,Mulberry Park LSOA,E00072682,Bradford Rd Co-Op,160265,-2.358108451,51.35880282
23,Mulberry Park LSOA,E00072682,Bradford Rd Co-Op,160265,-2.359543617,51.35820565
23,Mulberry Park LSOA,E00072682,Bradford Rd Co-Op,160265,-2.360386392,51.35866732
17,Mulberry Park LSOA,E00072682,Bradford Rd Co-Op,160265,-2.361199987,51.35852924
17,Mulberry Park LSOA,E00072682,Bradford Rd Co-Op,160265,-2.362621231,51.35898605
17,Mulberry Park LSOA,E00072682,Bradford Rd Co-Op,160265,-2.360291446,51.3580571
17,Mulberry Park LSOA,E00072682,Bradford Rd Co-Op,160265,-2.360654439,51.35794366
13,Combe Down RFC LSOA,E00072680,Bradford Road,160008,-2.349684407,51.35928852
23,Combe Down RFC LSOA,E00072681,Bradford Road,160008,-2.351907145,51.35831635
17,Combe Down RFC LSOA,E00072681,Bradford Road,160008,-2.354139456,51.35920424
14,Combe Down RFC LSOA,E00072681,Bradford Road,160008,-2.353096793,51.3599329
23,Combe Down RFC LSOA,E00072681,Bradford Road,160008,-2.350137004,51.359664
23,Combe Down RFC LSOA,E00072681,Bradford Road,160008,-2.34920399,51.35995467
17,Combe Down RFC LSOA,E00072681,Bradford Road,160008,-2.350008375,51.36059569
16,Combe Down RFC LSOA,E00072681,Bradford Road,160008,-2.350062274,51.36059964
17,Combe Down RFC LSOA,E00189483,Bradford Road,160008,-2.350000474,51.36108122
20,Newbridge LSOA,E00072884,Brassmill Ln Trad Es,160396,-2.402609048,51.38608728
20,Newbridge LSOA,E00072884,Brassmill Ln Trad Es,160396,-2.40239298,51.38571021
12,Eastfield Avenue LSOA,E00073108,Broadmoor,160010,-2.395214178,51.39949955
12,Eastfield Avenue LSOA,E00073124,Broadmoor,160010,-2.394897048,51.40063605
23,Eastfield Avenue LSOA,E00073124,Broadmoor,160010,-2.394194162,51.40059425
23,Upper Weston LSOA,E00073106,Broadmoor,160010,-2.39685713,51.39901354
23,Upper Weston LSOA,E00073106,Broadmoor,160010,-2.395318225,51.39843746
12,Upper Weston LSOA,E00073123,Broadmoor,160010,-2.397198321,51.40224048
21,Upper Weston LSOA,E00073123,Broadmoor,160010,-2.395933388,51.40056692
13,Upper Weston LSOA,E00073119,Broadmoor Vale,160367,-2.400286341,51.40257004
20,Upper Weston LSOA,E00073122,Broadmoor Vale,160367,-2.398646491,51.40267709
23,Upper Weston LSOA,E00073122,Broadmoor Vale,160367,-2.399502738,51.40278286
23,Upper Weston LSOA,E00073122,Broadmoor Vale,160367,-2.399213599,51.40301439
23,Upper Weston LSOA,E00073123,Broadmoor Vale,160367,-2.39820057,51.40175435
13,Upper Weston LSOA,E00073123,Broadmoor Vale,160367,-2.398777941,51.40234709
23,Upper Weston LSOA,E00073123,Broadmoor Vale,160367,-2.399475675,51.40231378
23,Upper Weston LSOA,E00073123,Broadmoor Vale,160367,-2.399154907,51.40248668
13,Upper Weston LSOA,E00073123,Broadmoor Vale,160367,-2.39901284,51.40148003
23,Lower Oldfield Park LSOA,E00073126,Brougham Hayes,160012,-2.375374062,51.37896898
23,Moorland Road LSOA,E00072911,Brougham Hayes,160012,-2.378003836,51.3777055
20,Odd Down South LSOA,E00072896,Burnt House,164007,-2.380849607,51.35556743
17,Roundhill LSOA,E00073013,Bustards Gate,160014,-2.390387487,51.36684404
17,Roundhill LSOA,E00073014,Bustards Gate,160014,-2.397151112,51.36419818
23,Roundhill LSOA,E00073014,Bustards Gate,160014,-2.39703702,51.365059
17,Roundhill LSOA,E00073014,Bustards Gate,160014,-2.397295075,51.3651586
20,Roundhill LSOA,E00073014,Bustards Gate,160014,-2.393596336,51.36665208
23,Roundhill LSOA,E00073014,Bustards Gate,160014,-2.392160729,51.36651465
23,Roundhill LSOA,E00073014,Bustards Gate,160014,-2.391001007,51.36701914
21,Rush Hill LSOA,E00072904,Bustards Gate,160014,-2.392314198,51.36510996
23,Rush Hill LSOA,E00072904,Bustards Gate,160014,-2.395357425,51.36506049
23,Camden East LSOA,E00073068,Camden Road,160183,-2.354122836,51.39434877
12,Camden East LSOA,E00073068,Camden Road,160183,-2.355225398,51.39363346
23,Camden West LSOA,E00073057,Camden Road,160183,-2.357721142,51.39399554
14,Camden West LSOA,E00073059,Camden Road,160183,-2.355662308,51.3929987
17,Bloomfield LSOA,E00072821,Castle Gardens,160102,-2.369322393,51.36645584
17,Bloomfield LSOA,E00072821,Castle Gardens,160102,-2.368834146,51.36688037
12,Bloomfield LSOA,E00072821,Castle Gardens,160102,-2.368021896,51.36730142
23,Bloomfield LSOA,E00072821,Castle Gardens,160102,-2.368685531,51.36740629
12,Bloomfield LSOA,E00072821,Castle Gardens,160102,-2.368061256,51.36707775
12,Bloomfield LSOA,E00072821,Castle Gardens,160102,-2.367190828,51.36713851
20,Bloomfield LSOA,E00072821,Castle Gardens,160102,-2.367284761,51.36741437
23,Bloomfield LSOA,E00072821,Castle Gardens,160102,-2.366933944,51.3671726
17,Bloomfield LSOA,E00072821,Castle Gardens,160102,-2.36674387,51.36702194
16,Bloomfield LSOA,E00072821,Castle Gardens,160102,-2.367066205,51.3667514
24,Bloomfield LSOA,E00072821,Castle Gardens,160102,-2.367630454,51.36737476
21,RUH LSOA,E00072879,Cedric Road,160365,-2.390295814,51.39050486
23,RUH LSOA,E00072879,Cedric Road,160365,-2.387282956,51.39036385
13,RUH LSOA,E00072879,Cedric Road,160365,-2.387255259,51.39030685
23,RUH LSOA,E00072879,Cedric Road,160365,-2.387265459,51.38994706
23,RUH LSOA,E00072879,Cedric Road,160365,-2.387414526,51.38932037
23,RUH LSOA,E00072879,Cedric Road,160365,-2.387571279,51.38882434
21,RUH LSOA,E00072879,Cedric Road North,160311,-2.387152937,51.39097787
23,RUH LSOA,E00072879,Cedric Road North,160311,-2.38727328,51.39080382
21,RUH LSOA,E00072879,Cedric Road North,160311,-2.387726122,51.39100037
20,RUH LSOA,E00072879,Cedric Road North,160311,-2.389850934,51.39124251
23,RUH LSOA,E00072879,Cedric Road North,160311,-2.390431178,51.39206998
23,Fairfield LSOA,E00072788,Charlcombe Lane,160141,-2.347962914,51.3978869
17,Fairfield LSOA,E00072790,Charlcombe Lane,160141,-2.348552255,51.39838073
13,Larkhall LSOA,E00072786,Charlcombe Lane,160141,-2.349117972,51.40074899
23,Larkhall LSOA,E00072786,Charlcombe Lane,160141,-2.349473585,51.40046038
23,Bearflat LSOA,E00072828,Chaucer Rd,160232,-2.364539412,51.3733885
22,Bearflat LSOA,E00072828,Chaucer Rd,160232,-2.364897032,51.37537044
23,Bearflat LSOA,E00072829,Chaucer Rd,160232,-2.36339058,51.37336485
17,Coronation Avenue LSOA,E00073103,Chestnut Grove,164003,-2.386402682,51.36967457
23,Coronation Avenue LSOA,E00073103,Chestnut Grove,164003,-2.385231715,51.37129913
23,Weston Park LSOA,E00073113,Church Rd.Weston,160207,-2.386716234,51.396136
13,Weston Park LSOA,E00073113,Church Rd.Weston,160207,-2.385574808,51.39612424
13,Weston Park LSOA,E00073113,Church Rd.Weston,160207,-2.384816485,51.39555914
13,Weston Park LSOA,E00073113,Church Rd.Weston,160207,-2.384926265,51.39554397
20,Weston Park LSOA,E00073114,Church Rd.Weston,160207,-2.38277546,51.3950976
23,Weston Park LSOA,E00073114,Church Rd.Weston,160207,-2.384019149,51.39532286
12,Camden West LSOA,E00073054,Clarence Street,164033,-2.356898995,51.39155642
13,Cleveland LSOA,E00073051,Clarence Street,164033,-2.355812646,51.39099249
17,University LSOA,E00072632,Claverton Commu Hall,160224,-2.330618611,51.37426777
23,University LSOA,E00072654,Claverton Commu Hall,160224,-2.330269838,51.37497707
17,University LSOA,E00072657,Claverton Commu Hall,160224,-2.331307072,51.37475793
17,University LSOA,E00072657,Claverton Commu Hall,160224,-2.331602888,51.37465327
17,University LSOA,E00072632,Claverton Down,160149,-2.329913868,51.37548804
17,University LSOA,E00072632,Claverton Down,160149,-2.329379898,51.37513953
23,University LSOA,E00072632,Claverton Down,160149,-2.329273422,51.37622351
17,University LSOA,E00072654,Claverton Down,160149,-2.330795977,51.37551079
23,University LSOA,E00072654,Claverton Down,160149,-2.326022118,51.37587619
17,University LSOA,E00072654,Claverton Down,160149,-2.326684789,51.37858287
17,University LSOA,E00072654,Claverton Down,160149,-2.325774554,51.38007263
12,Bathwick LSOA,E00072634,Cleveland Walk,160018,-2.342791018,51.38529279
12,Bathwick LSOA,E00072635,Cleveland Walk,160018,-2.343032774,51.38193191
23,Bathwick LSOA,E00072635,Cleveland Walk,160018,-2.342501619,51.38275097
13,University LSOA,E00072640,Cleveland Walk,160018,-2.343154483,51.38165437
18,Twerton LSOA,E00073048,Clyde Gardens,164047,-2.394561471,51.3803991
12,Combe Down RFC LSOA,E00072667,Combe Road,160398,-2.348017819,51.35760596
13,Combe Down RFC LSOA,E00072667,Combe Road,160398,-2.349490662,51.35838653
13,Combe Down RFC LSOA,E00072680,Combe Road,160398,-2.349672163,51.35870094
23,Combe Down RFC LSOA,E00072680,Combe Road,160398,-2.348323114,51.36021248
23,Combe Down RFC LSOA,E00072680,Combe Road,160398,-2.348507732,51.35868156
23,Combe Down RFC LSOA,E00072681,Combe Road,160398,-2.351162728,51.35884899
17,Coronation Avenue LSOA,E00073101,Coronation Ave,160199,-2.383350021,51.3732752
17,Moorfields LSOA,E00072914,Coronation Ave,160199,-2.381847529,51.37424753
17,Rush Hill LSOA,E00072902,Corston View North,160334,-2.38304111,51.36359121
23,Odd Down North LSOA,E00072906,Corston View South,160172,-2.384785105,51.36265027
23,Odd Down North LSOA,E00072906,Corston View South,160172,-2.384675364,51.36268526
23,Odd Down North LSOA,E00072906,Corston View South,160172,-2.384650264,51.36250223
17,Rush Hill LSOA,E00170251,Corston View South,160172,-2.386268899,51.36059039
23,Rush Hill LSOA,E00170251,Corston View South,160172,-2.386229747,51.36090753
23,Southside LSOA,E00073036,Council Depot Twertn,162191,-2.410282765,51.37788869
23,Southside LSOA,E00073036,Council Depot Twertn,162191,-2.410207138,51.3778602
23,Southside LSOA,E00073036,Council Depot Twertn,162191,-2.409927986,51.37776352
23,Southside LSOA,E00073036,Council Depot Twertn,162191,-2.409862269,51.37780917
23,Southside LSOA,E00073036,Council Depot Twertn,162191,-2.409806168,51.37785439
23,Southside LSOA,E00073036,Council Depot Twertn,162191,-2.409765369,51.37790539
23,Southside LSOA,E00073036,Council Depot Twertn,162191,-2.409731083,51.37795607
23,Weston Park LSOA,E00073115,Cranwells,160245,-2.376434903,51.39028286
23,Weston Park LSOA,E00073115,Cranwells,160245,-2.378376544,51.39101499
14,Weston Park LSOA,E00073115,Cranwells,160245,-2.378600341,51.39102955
23,Weston Park LSOA,E00073115,Cranwells,160245,-2.377280706,51.39093693
12,Weston Park LSOA,E00073115,Cranwells,160245,-2.378201118,51.3922366
12,Weston Park LSOA,E00073115,Cranwells,160245,-2.377804207,51.39228722
23,Weston Park LSOA,E00073115,Cranwells,160245,-2.378025176,51.39225625
12,Weston Park LSOA,E00073115,Cranwells,160245,-2.377282697,51.39233758
23,Weston Park LSOA,E00073115,Cranwells,160245,-2.377066678,51.39135235
23,Weston Park LSOA,E00073115,Cranwells,160245,-2.378226672,51.39130527
23,Weston Park LSOA,E00073117,Cranwells,160245,-2.379545167,51.39181829
14,Weston Park LSOA,E00073117,Cranwells,160245,-2.379103369,51.39195338
23,Camden East LSOA,E00073050,Croft Road,160021,-2.352116132,51.39566182
23,Camden East LSOA,E00073067,Croft Road,160021,-2.353216356,51.39591967
13,Camden East LSOA,E00073067,Croft Road,160021,-2.351227595,51.39640025
23,Entry Hill LSOA,E00072826,Cross Manufacturing,,-2.369977027,51.35866112
17,Rush Hill LSOA,E00170250,Culverhay School,164037,-2.389655897,51.36458968
17,Rush Hill LSOA,E00170250,Culverhay School,164037,-2.390324053,51.36440393
17,Dartmouth Avenue LSOA,E00073097,Cynthia Road,160190,-2.380835464,51.37680129
17,Dartmouth Avenue LSOA,E00073097,Cynthia Road,160190,-2.380911117,51.37676405
17,Dartmouth Avenue LSOA,E00073098,Cynthia Road,160190,-2.382573297,51.37699659
13,Redland Park LSOA,E00073046,Day Crescent,160143,-2.40681631,51.38073001
13,Redland Park LSOA,E00073046,Day Crescent,160143,-2.406870238,51.38070241
13,Redland Park LSOA,E00073046,Day Crescent,160143,-2.406761202,51.38076074
13,Redland Park LSOA,E00073046,Day Crescent,160143,-2.406964978,51.38068948
13,Redland Park LSOA,E00073046,Day Crescent,160143,-2.406926849,51.38159354
20,Redland Park LSOA,E00073046,Day Crescent,160143,-2.40703679,51.38142466
13,Redland Park LSOA,E00073046,Day Crescent,160143,-2.404855451,51.38131358
13,Redland Park LSOA,E00073046,Day Crescent,160143,-2.404938349,51.38129433
13,Redland Park LSOA,E00073046,Day Crescent,160143,-2.405005396,51.38128108
13,Redland Park LSOA,E00073046,Day Crescent,160143,-2.405106984,51.3812834
13,Redland Park LSOA,E00073047,Day Crescent,160143,-2.407481153,51.38076896
13,Redland Park LSOA,E00073047,Day Crescent,160143,-2.407521247,51.38072772
13,Redland Park LSOA,E00073047,Day Crescent,160143,-2.407588767,51.38067104
13,Redland Park LSOA,E00073047,Day Crescent,160143,-2.407629091,51.38062946
13,Redland Park LSOA,E00073047,Day Crescent,160143,-2.407726477,51.38058823
13,Redland Park LSOA,E00073047,Day Crescent,160143,-2.408112915,51.38084955
13,Redland Park LSOA,E00073047,Day Crescent,160143,-2.407963814,51.38078281
13,Redland Park LSOA,E00073047,Day Crescent,160143,-2.407747824,51.38115521
13,Redland Park LSOA,E00073047,Day Crescent,160143,-2.407680882,51.38112835
13,Redland Park LSOA,E00073047,Day Crescent,160143,-2.407557866,51.38108562
13,Redland Park LSOA,E00073047,Day Crescent,160143,-2.407859662,51.38116711
13,Redland Park LSOA,E00073047,Day Crescent,160143,-2.407660717,51.38142198
13,Redland Park LSOA,E00073047,Day Crescent,160143,-2.407546933,51.38141934
13,Redland Park LSOA,E00073047,Day Crescent,160143,-2.407522056,51.38168808
13,Redland Park LSOA,E00073047,Day Crescent,160143,-2.407406295,51.38168198
13,Redland Park LSOA,E00073047,Day Crescent,160143,-2.407435572,51.38187747
13,Redland Park LSOA,E00073047,Day Crescent,160143,-2.407423046,51.38192855
13,Redland Park LSOA,E00073047,Day Crescent,160143,-2.40742568,51.38197914
13,Redland Park LSOA,E00073047,Day Crescent,160143,-2.407399335,51.38210994
13,Redland Park LSOA,E00073047,Day Crescent,160143,-2.407313418,51.38211621
13,Redland Park LSOA,E00073047,Day Crescent,160143,-2.407506764,51.38212886
17,Combe Down LSOA,E00072666,De Montalt Road,160154,-2.341542881,51.35921898
17,Combe Down LSOA,E00072666,De Montalt Road,160154,-2.342542355,51.36010342
17,Combe Down LSOA,E00072666,De Montalt Road,160154,-2.3426601,51.36023762
23,Combe Down LSOA,E00072666,De Montalt Road,160154,-2.343243547,51.35989202
17,Combe Down LSOA,E00072666,De Montalt Road,160154,-2.343532649,51.35986317
23,Combe Down LSOA,E00072666,De Montalt Road,160154,-2.344615607,51.35978882
20,Combe Down LSOA,E00072666,De Montalt Road,160154,-2.343207394,51.36028412
23,Combe Down LSOA,E00072666,De Montalt Road,160154,-2.345265534,51.35997121
23,Combe Down LSOA,E00072666,De Montalt Road,160154,-2.34415454,51.36065869
17,Combe Down LSOA,E00072666,De Montalt Road,160154,-2.344022266,51.35952963
17,Combe Down LSOA,E00072677,De Montalt Road,160154,-2.342542355,51.36010342
17,Combe Down LSOA,E00072677,De Montalt Road,160154,-2.3426601,51.36023762
23,Combe Down LSOA,E00072677,De Montalt Road,160154,-2.34415454,51.36065869
23,Combe Down RFC LSOA,E00072680,De Montalt Road,160154,-2.347156977,51.36012485
23,Locksbrook LSOA,E00072871,Dolphin Inn,164015,-2.390443118,51.38329174
23,Locksbrook LSOA,E00072871,Dolphin Inn,164015,-2.390430109,51.3832579
23,Locksbrook LSOA,E00072871,Dolphin Inn,164015,-2.390371122,51.38315442
23,Locksbrook LSOA,E00072871,Dolphin Inn,164015,-2.391089697,51.38331138
23,Locksbrook LSOA,E00072871,Dolphin Inn,164015,-2.392066813,51.38330871
23,Locksbrook LSOA,E00072871,Dolphin Inn,164015,-2.392150912,51.38331912
23,Locksbrook LSOA,E00072871,Dolphin Inn,164015,-2.392839832,51.38346622
23,Locksbrook LSOA,E00072871,Dolphin Inn,164015,-2.392870345,51.38355919
23,Locksbrook LSOA,E00072871,Dolphin Inn,164015,-2.39282646,51.38324253
23,Locksbrook LSOA,E00072871,Dolphin Inn,164015,-2.39277162,51.38338246
23,Locksbrook LSOA,E00072871,Dolphin Inn,164015,-2.392810015,51.38351089
20,Sedgemoor LSOA,E00072674,Drake Avenue,160267,-2.362181689,51.36272214
17,Sedgemoor LSOA,E00072674,Drake Avenue,160267,-2.361548731,51.36229062
17,Sedgemoor LSOA,E00072674,Dunster House,160200,-2.360164323,51.36414733
17,Rush Hill LSOA,E00072903,Edgeworth Road,160296,-2.386821609,51.36475439
23,Lower Weston LSOA,E00072765,Edward Street,160024,-2.385344887,51.38820674
23,Lower Weston LSOA,E00072765,Edward Street,160024,-2.383784821,51.38675898
14,Lower Weston LSOA,E00072765,Edward Street,160024,-2.383756132,51.38670669
23,Lower Weston LSOA,E00072765,Edward Street,160024,-2.384287446,51.38631849
17,Redland Park LSOA,E00073031,Eleanor Close,160225,-2.402213004,51.37839365
18,Coronation Avenue LSOA,E00073103,Elm Grove,164013,-2.384645796,51.37138784
18,Coronation Avenue LSOA,E00073103,Elm Grove,164013,-2.384612988,51.37144479
23,Bearflat LSOA,E00072814,Elm Place,160025,-2.364063458,51.37236885
10,Bearflat LSOA,E00072814,Elm Place,160025,-2.364482284,51.37222449
11,Bearflat LSOA,E00072814,Elm Place,160025,-2.365301399,51.3720849
23,Bearflat LSOA,E00072817,Elm Place,160025,-2.365924764,51.37228611
11,Bearflat LSOA,E00072817,Elm Place,160025,-2.367580677,51.37030957
17,Bearflat LSOA,E00072817,Elm Place,160025,-2.367314674,51.37231868
23,Bearflat LSOA,E00072827,Elm Place,160025,-2.365375269,51.3725266
11,Bearflat LSOA,E00072827,Elm Place,160025,-2.365530825,51.37250115
10,Bearflat LSOA,E00072828,Elm Place,160025,-2.365739229,51.37371848
11,Bloomfield LSOA,E00072813,Elm Place,160025,-2.371006355,51.37281743
11,Bloomfield LSOA,E00072813,Elm Place,160025,-2.37073493,51.37284634
17,Bloomfield LSOA,E00072813,Elm Place,160025,-2.369852667,51.37287607
20,Bloomfield LSOA,E00072813,Elm Place,160025,-2.36966566,51.37283883
20,Bloomfield LSOA,E00072813,Elm Place,160025,-2.369244344,51.37283751
20,Bloomfield LSOA,E00072813,Elm Place,160025,-2.368422547,51.37286474
17,Bloomfield LSOA,E00072813,Elm Place,160025,-2.36799634,51.37290678
23,Bloomfield LSOA,E00072813,Elm Place,160025,-2.367664605,51.3728919
23,Bloomfield LSOA,E00072813,Elm Place,160025,-2.368081045,51.37366656
24,Bloomfield LSOA,E00072816,Elm Place,160025,-2.368198034,51.37007266
12,Bloomfield LSOA,E00072816,Elm Place,160025,-2.369144219,51.36983573
13,Lambridge LSOA,E00072780,Elms Estate,160093,-2.339153932,51.40023539
23,Lambridge LSOA,E00072780,Elms Estate,160093,-2.338839309,51.40135441
13,Lambridge LSOA,E00072780,Elms Estate,160093,-2.34085381,51.40021875
17,Lambridge LSOA,E00072780,Elms Estate,160093,-2.340856438,51.39993463
17,Englishcombe LSOA,E00072908,Englishcombe Lane,160251,-2.373869495,51.36725621
20,Englishcombe LSOA,E00072908,Englishcombe Lane,160251,-2.378290198,51.36662404
17,Englishcombe LSOA,E00072908,Englishcombe Lane,160251,-2.380297273,51.36837252
13,Englishcombe LSOA,E00072924,Englishcombe Lane,160251,-2.37671754,51.3685905
23,Lansdown LSOA,E00189553,Ensleigh Avenue,164245,-2.375782072,51.40666054
18,Lansdown LSOA,E00189553,Ensleigh Avenue,164245,-2.374959615,51.40810093
17,Lansdown LSOA,E00189548,Ensleigh South,164242,-2.36991043,51.40811561
17,Lansdown LSOA,E00189548,Ensleigh South,164242,-2.369818881,51.40817751
17,Lansdown LSOA,E00189548,Ensleigh South,164242,-2.369715533,51.4083062
17,Lansdown LSOA,E00189548,Ensleigh South,164242,-2.369352778,51.40824167
17,Lansdown LSOA,E00189548,Ensleigh South,164242,-2.369010476,51.40818542
17,Lansdown LSOA,E00189548,Ensleigh South,164242,-2.369325054,51.40775483
17,Lansdown LSOA,E00189548,Ensleigh South,164242,-2.36946172,51.40788244
17,Lansdown LSOA,E00189548,Ensleigh South,164242,-2.369565052,51.40792711
17,Lansdown LSOA,E00189548,Ensleigh South,164242,-2.369649737,51.40797857
17,Lansdown LSOA,E00189548,Ensleigh South,164242,-2.369747972,51.40802342
17,Lansdown LSOA,E00189548,Ensleigh South,164242,-2.369896062,51.40755604
17,Lansdown LSOA,E00189548,Ensleigh South,164242,-2.369499712,51.40764768
17,Lansdown LSOA,E00189548,Ensleigh South,164242,-2.370126029,51.40764373
17,Bloomfield LSOA,E00072815,Entry Hill Drive,160271,-2.362717139,51.36497954
23,Bloomfield LSOA,E00072815,Entry Hill Drive,160271,-2.362296026,51.36591
23,Bloomfield LSOA,E00072815,Entry Hill Drive,160271,-2.361692463,51.36675274
18,Bloomfield LSOA,E00072815,Entry Hill Drive,160271,-2.362038001,51.36655816
23,Bloomfield LSOA,E00072819,Entry Hill Drive,160271,-2.364362893,51.36415552
23,Entry Hill LSOA,E00072824,Entry Hill Drive,160271,-2.363291561,51.36388823
13,Bloomfield LSOA,E00072815,Entry Hill North,164008,-2.363861582,51.36798331
23,Bloomfield LSOA,E00072815,Entry Hill North,164008,-2.365121294,51.36703684
23,Bloomfield LSOA,E00072819,Entry Hill North,164008,-2.366153734,51.36564596
17,Entry Hill LSOA,E00072824,Entry Hill Park,164052,-2.362974327,51.3638499
23,Entry Hill LSOA,E00072824,Entry Hill Park,164052,-2.363916847,51.36365908
21,Entry Hill LSOA,E00072824,Entry Hill Park,164052,-2.363129038,51.363471
20,Entry Hill LSOA,E00072824,Entry Hill Park,164052,-2.363087358,51.36333146
23,Entry Hill LSOA,E00072824,Entry Hill Park,164052,-2.363092854,51.36317607
17,Entry Hill LSOA,E00072824,Entry Hill Park,164052,-2.36303428,51.3627639
23,Entry Hill LSOA,E00072824,Entry Hill Park,164052,-2.362556492,51.3623209
23,Entry Hill LSOA,E00072825,Entry Rise,160123,-2.365539263,51.3586645
17,Entry Hill LSOA,E00072826,Entry Rise,160123,-2.366572994,51.35895501
23,Fairfield LSOA,E00072789,Fairfield Avenue,160204,-2.358354516,51.39940741
13,Fairfield LSOA,E00072789,Fairfield Avenue,160204,-2.357303892,51.39991979
14,Fairfield LSOA,E00072789,Fairfield Avenue,160204,-2.356848615,51.4001703
14,Fairfield LSOA,E00072789,Fairfield Avenue,160204,-2.357436668,51.39929579
23,Fairfield LSOA,E00072789,Fairfield Avenue,160204,-2.357718948,51.39925346
13,Fairfield LSOA,E00072789,Fairfield Avenue,160204,-2.35787135,51.39921737
13,Fairfield LSOA,E00072791,Fairfield Avenue,160204,-2.355405649,51.39887988
23,Fairfield LSOA,E00072778,Fairfield Park,160028,-2.360290517,51.39922945
23,Fairfield LSOA,E00072778,Fairfield Park,160028,-2.360089069,51.39990422
13,Fairfield LSOA,E00072778,Fairfield Park,160028,-2.360603449,51.39857958
23,Lansdown LSOA,E00189553,Fairways Ensleigh,164241,-2.374151432,51.40681031
17,Combe Down LSOA,E00072668,Farleigh View,160257,-2.323092317,51.36586781
23,Combe Down LSOA,E00072668,Farleigh View,160257,-2.323214429,51.36592927
17,Combe Down LSOA,E00072668,Farleigh View,160257,-2.318328,51.36503069
11,Alexandra Park LSOA,E00073131,Ferry Lane,160192,-2.352697491,51.37915974
11,Alexandra Park LSOA,E00073131,Ferry Lane,160192,-2.352071973,51.37913214
23,Combe Down LSOA,E00072672,Fersfield,160029,-2.35109529,51.36559312
23,Combe Down LSOA,E00072672,Fersfield,160029,-2.351378584,51.36552302
23,Combe Down RFC LSOA,E00189475,Fersfield,160029,-2.35157817,51.36541292
23,Combe Down RFC LSOA,E00189475,Fersfield,160029,-2.351780571,51.36523122
11,Prior Park LSOA,E00073142,Fersfield,160029,-2.350947939,51.36987841
11,Prior Park LSOA,E00073142,Fersfield,160029,-2.351730993,51.3692988
11,Prior Park LSOA,E00073142,Fersfield,160029,-2.351241773,51.36919202
23,Prior Park LSOA,E00073142,Fersfield,160029,-2.351052275,51.36931816
17,Prior Park LSOA,E00073142,Fersfield,160029,-2.353224405,51.36751198
23,Prior Park LSOA,E00073142,Fersfield,160029,-2.353798671,51.36708624
23,Prior Park LSOA,E00073142,Fersfield,160029,-2.354002022,51.36692181
23,Cleveland LSOA,E00073049,Forester Road,160095,-2.351883924,51.38992297
12,Cleveland LSOA,E00073049,Forester Road,160095,-2.349970701,51.38905471
23,Cleveland LSOA,E00073049,Forester Road,160095,-2.349362409,51.38942273
12,Cleveland LSOA,E00073049,Forester Road,160095,-2.350668192,51.38799852
23,Cleveland LSOA,E00073065,Forester Road,160095,-2.350803652,51.3871932
12,Cleveland LSOA,E00073065,Forester Road,160095,-2.351406131,51.38693764
23,Kensington Meadows LSOA,E00073062,Forester Road,160095,-2.348435296,51.39012797
23,Kensington Meadows LSOA,E00073062,Forester Road,160095,-2.34939179,51.38974659
17,Locksbrook LSOA,E00072888,Foxcombe Road,164032,-2.390511705,51.38505821
17,Locksbrook LSOA,E00072888,Foxcombe Road,164032,-2.390260259,51.38480399
17,Locksbrook LSOA,E00072888,Foxcombe Road,164032,-2.389880842,51.38481106
13,Combe Down RFC LSOA,E00072667,Foxhill Bath,160241,-2.353917878,51.35771116
17,Mulberry Park LSOA,E00072683,Foxhill Bath,160241,-2.35854922,51.35987609
17,Mulberry Park LSOA,E00072683,Foxhill Bath,160241,-2.359080843,51.35980958
23,Mulberry Park LSOA,E00189471,Foxhill Bath,160241,-2.355543792,51.36027725
20,Mulberry Park LSOA,E00189471,Foxhill Bath,160241,-2.354886756,51.36055763
18,Mulberry Park LSOA,E00189529,Foxhill Bath,160241,-2.356544638,51.35800955
17,Mulberry Park LSOA,E00189529,Foxhill Bath,160241,-2.355769121,51.35801981
17,Mulberry Park LSOA,E00189529,Foxhill Bath,160241,-2.354278045,51.35842007
17,Mulberry Park LSOA,E00189529,Foxhill Bath,160241,-2.354950363,51.35949521
17,Mulberry Park LSOA,E00189529,Foxhill Bath,160241,-2.355230584,51.35943079
23,Mulberry Park LSOA,E00189529,Foxhill Bath,160241,-2.355029724,51.35901021
17,Mulberry Park LSOA,E00189529,Foxhill Bath,160241,-2.357529004,51.36089096
23,Mulberry Park LSOA,E00189529,Foxhill Bath,160241,-2.357376694,51.3613814
23,Mulberry Park LSOA,E00189529,Foxhill Bath,160241,-2.357959149,51.36072545
13,Prior Park LSOA,E00073142,Foxhill Cottage,162129,-2.356396835,51.36563374
13,Prior Park LSOA,E00073142,Foxhill Cottage,162129,-2.356463485,51.36569197
13,Redland Park LSOA,E00073034,Freeview Road,160262,-2.399653527,51.38031614
17,Twerton LSOA,E00073033,Freeview Road,160262,-2.399829155,51.37911774
23,Twerton LSOA,E00073033,Freeview Road,160262,-2.398187236,51.37936763
13,Twerton LSOA,E00073045,Freeview Road,160262,-2.397504013,51.37941019
13,Twerton LSOA,E00073045,Freeview Road,160262,-2.397489309,51.3797837
23,Larkhall LSOA,E00072785,Fuller Road,160181,-2.344268155,51.4000773
23,Southside LSOA,E00073041,Garrick Road,160384,-2.405407573,51.37593587
23,Southside LSOA,E00073041,Garrick Road,160384,-2.405389576,51.37602345
17,Southside LSOA,E00073041,Garrick Road,160384,-2.406196565,51.37646358
17,Combe Down LSOA,E00072676,Gladstone Road,160145,-2.341827587,51.3612397
23,Combe Down LSOA,E00072676,Gladstone Road,160145,-2.341262017,51.3619795
23,Combe Down LSOA,E00072676,Gladstone Road,160145,-2.340137594,51.36268426
23,Combe Down LSOA,E00072676,Gladstone Road,160145,-2.339103613,51.36280837
23,Combe Down LSOA,E00072677,Gladstone Road,160145,-2.343416346,51.36216942
23,Combe Down LSOA,E00072677,Gladstone Road,160145,-2.344341048,51.3614353
23,Combe Down LSOA,E00072677,Gladstone Road,160145,-2.344118648,51.36146716
23,Combe Down LSOA,E00072677,Gladstone Road,160145,-2.343832355,51.36114377
23,Combe Down LSOA,E00072677,Gladstone Road,160145,-2.344084868,51.36102025
18,Combe Down LSOA,E00072677,Gladstone Road,160145,-2.343142491,51.36140417
17,Combe Down LSOA,E00072677,Gladstone Road,160145,-2.342635557,51.36139012
17,Combe Down LSOA,E00072677,Gladstone Road,160145,-2.342714147,51.36097072
17,Combe Down LSOA,E00072677,Gladstone Road,160145,-2.343448096,51.36194143
17,Combe Down LSOA,E00072677,Gladstone Road,160145,-2.341662805,51.36105046
17,Entry Hill LSOA,E00072825,Glasshouse,160118,-2.366534617,51.3557762
20,Entry Hill LSOA,E00072825,Glasshouse,160118,-2.369329158,51.35531704
17,Entry Hill LSOA,E00072826,Glasshouse,160118,-2.36917491,51.35772071
17,Roundhill LSOA,E00073011,Glebe Road,160209,-2.389703275,51.37031359
17,Roundhill LSOA,E00073011,Glebe Road,160209,-2.390462901,51.37024613
17,Roundhill LSOA,E00073011,Glebe Road,160209,-2.389828925,51.36992041
17,Roundhill LSOA,E00073011,Glebe Road,160209,-2.390429441,51.36859996
23,The Hollow LSOA,E00073006,Glebe Road,160209,-2.391880662,51.36999404
23,The Hollow LSOA,E00073006,Glebe Road,160209,-2.39089194,51.37114488
23,The Hollow LSOA,E00073006,Glebe Road,160209,-2.391625774,51.37160025
23,Lambridge LSOA,E00072780,Gloucester Road,160176,-2.34336954,51.40123187
23,Lambridge LSOA,E00072780,Gloucester Road,160176,-2.340428936,51.40111838
23,Lambridge LSOA,E00072780,Gloucester Road,160176,-2.343057456,51.40184419
13,Lambridge LSOA,E00072794,Gloucester Road,160176,-2.340835221,51.40166491
23,Lambridge LSOA,E00072794,Gloucester Road,160176,-2.340736243,51.40167959
17,Lambridge LSOA,E00072794,Gloucester Road,160176,-2.34008393,51.40229751
17,Green Park LSOA,E00072758,Green Park,160033,-2.367873777,51.38202448
13,Royal Crescent LSOA,E00072775,Green Park,160033,-2.366089364,51.3824809
17,Green Park LSOA,E00072758,Green Park House,164220,-2.365750178,51.38074744
23,Wells Road LSOA,E00073128,Green Tree,164096,-2.368764751,51.37864274
17,Wells Road LSOA,E00073128,Green Tree,164096,-2.369004749,51.37860125
17,Wells Road LSOA,E00073128,Green Tree,164096,-2.369174106,51.37861262
17,Wells Road LSOA,E00073128,Green Tree,164096,-2.369271623,51.37862593
17,Wells Road LSOA,E00073128,Green Tree,164096,-2.36936988,51.37863598
17,Wells Road LSOA,E00073128,Green Tree,164096,-2.369468735,51.37864622
17,Wells Road LSOA,E00073128,Green Tree,164096,-2.369545858,51.37865755
17,Wells Road LSOA,E00073128,Green Tree,164096,-2.369653537,51.37866168
17,Wells Road LSOA,E00073128,Green Tree,164096,-2.369920782,51.37894026
17,Wells Road LSOA,E00073128,Green Tree,164096,-2.369948982,51.37888297
17,Wells Road LSOA,E00073128,Green Tree,164096,-2.369957507,51.37882182
17,Wells Road LSOA,E00073128,Green Tree,164096,-2.369969831,51.37877022
17,Wells Road LSOA,E00073128,Green Tree,164096,-2.369984333,51.37871175
21,Wells Road LSOA,E00073128,Green Tree,164096,-2.366641942,51.37902304
21,Upper Weston LSOA,E00073121,Greenacres Weston,160308,-2.396775383,51.40519369
13,Upper Weston LSOA,E00073121,Greenacres Weston,160308,-2.397157132,51.40484724
20,Upper Weston LSOA,E00073121,Greenacres Weston,160308,-2.39734468,51.40413678
23,Upper Weston LSOA,E00073121,Greenacres Weston,160308,-2.397125226,51.40350205
20,Upper Weston LSOA,E00073121,Greenacres Weston,160308,-2.397117572,51.40312091
23,Upper Weston LSOA,E00073122,Greenacres Weston,160308,-2.396671696,51.40474442
13,Upper Weston LSOA,E00073122,Greenacres Weston,160308,-2.395296276,51.40362339
23,Upper Weston LSOA,E00073122,Greenacres Weston,160308,-2.39470177,51.40341576
14,Upper Weston LSOA,E00073122,Greenacres Weston,160308,-2.395533191,51.40321722
17,Upper Weston LSOA,E00073122,Greenacres Weston,160308,-2.395705708,51.40323917
17,Upper Weston LSOA,E00073122,Greenacres Weston,160308,-2.396263343,51.40275386
13,Upper Weston LSOA,E00073122,Greenacres Weston,160308,-2.395950208,51.40430943
23,Upper Weston LSOA,E00073123,Greenacres Weston,160308,-2.395656225,51.40293526
13,Weston High Street LSOA,E00073112,Greenbank Gdns,160331,-2.392445024,51.39514862
13,Weston High Street LSOA,E00073112,Greenbank Gdns,160331,-2.392389371,51.39511641
13,Weston High Street LSOA,E00073112,Greenbank Gdns,160331,-2.392536925,51.39487347
13,Weston High Street LSOA,E00073112,Greenbank Gdns,160331,-2.392477358,51.39481935
13,Weston High Street LSOA,E00073116,Greenbank Gdns,160331,-2.391224847,51.39563659
23,Weston High Street LSOA,E00073116,Greenbank Gdns,160331,-2.3910989,51.39557914
13,Weston High Street LSOA,E00073116,Greenbank Gdns,160331,-2.390993899,51.39547628
23,Bearflat LSOA,E00072818,Greenway Court,164118,-2.363444765,51.37059616
10,Bearflat LSOA,E00072818,Greenway Court,164118,-2.363319915,51.37062109
11,Bearflat LSOA,E00072818,Greenway Court,164118,-2.36330301,51.37098124
14,Bearflat LSOA,E00072818,Greenway Court,164118,-2.363698116,51.37086451
17,Bloomfield LSOA,E00072815,Greenway Court,164118,-2.362159521,51.3707137
23,Bearflat LSOA,E00072817,Greenway Lane,160034,-2.366324112,51.36980535
11,Bearflat LSOA,E00072817,Greenway Lane,160034,-2.366186534,51.36934346
17,Bloomfield LSOA,E00072815,Greenway Lane,160034,-2.364927247,51.36900321
17,Bloomfield LSOA,E00072819,Greenway Lane,160034,-2.367335968,51.36832576
23,Bloomfield LSOA,E00072815,Greenway Lane East,164002,-2.363430805,51.36973814
23,Prior Park LSOA,E00073142,Greenway Lane East,164002,-2.358340556,51.37186744
17,Prior Park LSOA,E00073142,Greenway Lane East,164002,-2.361862953,51.36984428
23,Prior Park LSOA,E00073142,Greenway Lane East,164002,-2.361347615,51.36980484
23,Prior Park LSOA,E00073142,Greenway Lane East,164002,-2.359618133,51.36989014
23,Prior Park LSOA,E00073142,Greenway Lane East,164002,-2.359329534,51.37010337
20,Prior Park LSOA,E00073142,Greenway Lane East,164002,-2.359069545,51.36997114
11,Prior Park LSOA,E00073142,Greenway Lane East,164002,-2.358867394,51.37002336
17,Prior Park LSOA,E00073142,Greenway Lane East,164002,-2.35868087,51.37012451
11,Prior Park LSOA,E00073142,Greenway Lane East,164002,-2.358501814,51.37017768
23,Kensington Meadows LSOA,E00073069,Grosvenor Bridge Rd,160140,-2.341814345,51.39469885
23,Kensington Meadows LSOA,E00073069,Grosvenor Bridge Rd,160140,-2.34259849,51.39567015
13,Kensington Meadows LSOA,E00073069,Grosvenor Bridge Rd,160140,-2.343339252,51.39460023
23,Combe Down LSOA,E00072672,Hadley Bath,160036,-2.345474905,51.36116172
13,Combe Down LSOA,E00072672,Hadley Bath,160036,-2.344521016,51.36113494
23,Combe Down LSOA,E00072672,Hadley Bath,160036,-2.347446103,51.36399107
23,Combe Down LSOA,E00072672,Hadley Bath,160036,-2.348432725,51.36433887
20,Combe Down LSOA,E00072672,Hadley Bath,160036,-2.346797041,51.36345769
23,Combe Down LSOA,E00072672,Hadley Bath,160036,-2.346695663,51.36335419
13,Combe Down RFC LSOA,E00072669,Hadley Bath,160036,-2.348180978,51.36324084
17,Combe Down RFC LSOA,E00072669,Hadley Bath,160036,-2.347917084,51.36240978
22,Lansdown LSOA,E00072798,Hamilton Rd,160268,-2.371271314,51.39722374
13,Lansdown LSOA,E00072798,Hamilton Rd,160268,-2.36969907,51.39726217
21,Lansdown LSOA,E00072798,Hamilton Rd,160268,-2.369894075,51.39568426
17,Lansdown LSOA,E00072798,Hamilton Rd,160268,-2.369725944,51.39569174
23,Lansdown LSOA,E00072798,Hamilton Rd,160268,-2.369932476,51.39537392
13,Lansdown LSOA,E00072798,Hamilton Rd,160268,-2.371308729,51.39513109
14,Lansdown LSOA,E00072798,Hamilton Rd,160268,-2.37160745,51.39518321
20,Lansdown LSOA,E00072798,Hamilton Rd,160268,-2.373261111,51.396175
14,Lansdown LSOA,E00072798,Hamilton Rd,160268,-2.370766155,51.39723537
23,University LSOA,E00072633,Hampton House,160015,-2.338449111,51.38978329
23,University LSOA,E00072633,Hampton House,160015,-2.340587465,51.38944247
23,University LSOA,E00072633,Hampton House,160015,-2.341212262,51.38965426
23,University LSOA,E00072633,Hampton House,160015,-2.341719399,51.39052596
17,Entry Hill LSOA,E00072822,Hansford Square,164053,-2.368112701,51.36028136
17,Entry Hill LSOA,E00072822,Hansford Square,164053,-2.368387607,51.36021576
23,Entry Hill LSOA,E00072822,Hansford Square,164053,-2.368586784,51.36018586
23,Entry Hill LSOA,E00072822,Hansford Square,164053,-2.368463794,51.3599319
20,Entry Hill LSOA,E00072826,Hansford Square,164053,-2.370983631,51.35993403
20,Entry Hill LSOA,E00072826,Hansford Square,164053,-2.368220803,51.35858779
17,Weston High Street LSOA,E00073111,Harcourt Gardens,160319,-2.391749777,51.39752451
17,Weston High Street LSOA,E00073111,Harcourt Gardens,160319,-2.391420025,51.39723424
17,Lansdown LSOA,E00189454,Hare & Hounds,164060,-2.369663995,51.40061491
22,Lansdown LSOA,E00189454,Hare & Hounds,164060,-2.370292429,51.40168487
23,Lansdown LSOA,E00189454,Hare & Hounds,164060,-2.369444424,51.40161832
22,Lansdown LSOA,E00189454,Hare & Hounds,164060,-2.370351487,51.40176454
13,Lansdown LSOA,E00189454,Hare & Hounds,164060,-2.372322292,51.40247882
13,Lansdown LSOA,E00189454,Hare & Hounds,164060,-2.372891951,51.40244818
13,Lansdown LSOA,E00189454,Hare & Hounds,164060,-2.372665698,51.4026597
14,Lansdown LSOA,E00189454,Hare & Hounds,164060,-2.374602795,51.40269006
17,Eastfield Avenue LSOA,E00073120,Haviland Park,164064,-2.393185016,51.40161257
12,Eastfield Avenue LSOA,E00073120,Haviland Park,164064,-2.392183877,51.40190438
17,Eastfield Avenue LSOA,E00073124,Haviland Park,164064,-2.393983985,51.40120835
21,Upper Weston LSOA,E00073123,Haviland Park,164064,-2.394211454,51.40265193
17,Lower Oldfield Park LSOA,E00073133,Hayden Close,160227,-2.369154092,51.37676827
23,Bearflat LSOA,E00072827,Hayesfield Park,160372,-2.368754383,51.37409749
10,Bearflat LSOA,E00072828,Hayesfield Park,160372,-2.36448052,51.37416726
21,Wells Road LSOA,E00073137,Hayesfield Park,160372,-2.366257699,51.37523554
23,Lower Oldfield Park LSOA,E00073132,Hayesfield School Upper,164200,-2.372463577,51.37671693
20,Lower Weston LSOA,E00072771,Herman Miller Locksbrook Road,164076,-2.387488122,51.38255188
17,Roundhill LSOA,E00073011,Hillcrest Drive Sth,164024,-2.389819553,51.36951945
13,Southdown LSOA,E00073007,Hillcrest Drive Sth,164024,-2.389398936,51.37076999
23,University LSOA,E00072633,Holburne Park,164250,-2.342655443,51.38965568
23,University LSOA,E00072633,Holburne Park,164250,-2.342673591,51.38960096
23,University LSOA,E00072633,Holburne Park,164250,-2.342711187,51.38955223
23,University LSOA,E00072633,Holburne Park,164250,-2.342741541,51.38950278
23,University LSOA,E00072633,Holburne Park,164250,-2.342777814,51.3894543
23,University LSOA,E00072633,Holburne Park,164250,-2.342844264,51.38936434
23,University LSOA,E00072633,Holburne Park,164250,-2.34291442,51.38931872
23,University LSOA,E00072633,Holburne Park,164250,-2.342951828,51.3892694
23,University LSOA,E00072633,Holburne Park,164250,-2.343014247,51.38923649
23,University LSOA,E00072633,Holburne Park,164250,-2.343071101,51.38919577
23,University LSOA,E00072633,Holburne Park,164250,-2.343194421,51.38911907
23,University LSOA,E00072633,Holburne Park,164250,-2.343267437,51.38908824
23,University LSOA,E00072633,Holburne Park,164250,-2.343330228,51.38906288
23,University LSOA,E00072633,Holburne Park,164250,-2.343408233,51.38903794
23,University LSOA,E00072633,Holburne Park,164250,-2.343487176,51.38901201
23,University LSOA,E00072633,Holburne Park,164250,-2.345558567,51.38913688
23,University LSOA,E00072633,Holburne Park,164250,-2.345520272,51.38908212
23,University LSOA,E00072633,Holburne Park,164250,-2.345482351,51.38904203
23,University LSOA,E00072633,Holburne Park,164250,-2.345195637,51.38882381
23,University LSOA,E00072633,Holburne Park,164250,-2.345254367,51.38887563
23,University LSOA,E00072633,Holburne Park,164250,-2.345292335,51.38891931
23,University LSOA,E00072633,Holburne Park,164250,-2.345323507,51.38897197
23,University LSOA,E00072633,Holburne Park,164250,-2.345401269,51.38900305
23,University LSOA,E00072633,Holburne Park,164250,-2.3425478,51.39013565
23,University LSOA,E00072633,Holburne Park,164250,-2.34257718,51.39018699
23,University LSOA,E00072633,Holburne Park,164250,-2.342191048,51.39036046
23,University LSOA,E00072633,Holburne Park,164250,-2.342096208,51.39038282
23,University LSOA,E00072633,Holburne Park,164250,-2.342027328,51.39041021
23,University LSOA,E00072633,Holburne Park,164250,-2.341950349,51.39044618
23,University LSOA,E00072633,Holburne Park,164250,-2.341888377,51.39046511
17,Prior Park LSOA,E00073142,Honeysuckle Cottage,162044,-2.358557319,51.36848207
17,Newbridge LSOA,E00072885,Horstmanns Newbridge,160040,-2.393406995,51.38497457
17,Newbridge LSOA,E00072885,Horstmanns Newbridge,160040,-2.393496353,51.38528988
13,Newbridge LSOA,E00072884,Horstmans Brassmill,160120,-2.401690489,51.38556548
17,Oldfield Park LSOA,E00170253,Hygate Gears,160045,-2.384104804,51.38106806
23,Southdown LSOA,E00073016,Innox Rd,160070,-2.392460365,51.37404348
17,Southdown LSOA,E00073016,Innox Rd,160070,-2.39124371,51.37477768
14,Southdown LSOA,E00073016,Innox Rd,160070,-2.391814834,51.37380947
23,The Hollow LSOA,E00073019,Innox Rd,160070,-2.394590761,51.3738302
23,The Hollow LSOA,E00073019,Innox Rd,160070,-2.395410126,51.37364947
13,Twerton Park LSOA,E00073042,Innox Rd,160070,-2.392638786,51.3760091
13,Twerton Park LSOA,E00073042,Innox Rd,160070,-2.393114317,51.37592926
13,Twerton Park LSOA,E00073042,Innox Rd,160070,-2.392015337,51.37723629
23,Coronation Avenue LSOA,E00073104,Ivy Grove,160041,-2.387821527,51.36980603
17,Coronation Avenue LSOA,E00073104,Ivy Grove,160041,-2.387552941,51.37252216
17,Coronation Avenue LSOA,E00073104,Ivy Grove,160041,-2.386999768,51.37292143
13,Coronation Avenue LSOA,E00073104,Ivy Grove,160041,-2.386315645,51.37211586
23,Southdown LSOA,E00073004,Ivy Grove,160041,-2.38721175,51.3733842
13,Lambridge LSOA,E00072783,Jesse Hughes Court,160128,-2.341283152,51.39861114
23,Lambridge LSOA,E00072783,Jesse Hughes Court,160128,-2.340468955,51.39888552
13,Lambridge LSOA,E00072783,Jesse Hughes Court,160128,-2.34202298,51.39893625
23,Entry Hill LSOA,E00072825,Joseph Hill,160042,-2.367187842,51.3575456
17,Entry Hill LSOA,E00072825,Joseph Hill,160042,-2.365554704,51.35806651
17,Entry Hill LSOA,E00072826,Joseph Hill,160042,-2.367663121,51.35813686
23,Mulberry Park LSOA,E00072682,Joseph Hill,160042,-2.363019449,51.35726919
20,Combe Down RFC LSOA,E00189475,Kellaway Lane,164257,-2.353511752,51.36314431
23,Newbridge Park and Ride LSOA,E00072873,Kelston Road,162156,-2.409341064,51.39352222
23,Newbridge Park and Ride LSOA,E00072873,Kelston Road,162156,-2.410897974,51.39470017
17,Newbridge Park and Ride LSOA,E00072873,Kelston Road,162156,-2.410361249,51.39403961
17,Kensington Meadows LSOA,E00073053,Kensington,160075,-2.349528798,51.39190222
13,Kensington Meadows LSOA,E00073055,Kensington,160075,-2.347188715,51.39272825
17,Kensington Meadows LSOA,E00073070,Kensington,160075,-2.350379407,51.39372462
14,Sedgemoor LSOA,E00072671,Kewstoke Road,160116,-2.357271948,51.36371927
23,Lansdown View LSOA,E00073088,King Georges Road,164027,-2.386843821,51.37912073
17,Rush Hill LSOA,E00072902,Kingsfield,160202,-2.385264526,51.3647834
17,Rush Hill LSOA,E00072903,Kingsfield,160202,-2.386069602,51.36519137
21,Roundhill LSOA,E00073013,Kingsway,160115,-2.387971197,51.36760003
23,Roundhill LSOA,E00073013,Kingsway,160115,-2.387692085,51.367836
23,The Oval LSOA,E00072907,Kingsway,160115,-2.387184159,51.36702234
13,The Oval LSOA,E00072909,Kingsway,160115,-2.384731627,51.36677674
23,The Oval LSOA,E00072909,Kingsway,160115,-2.385428851,51.36658909
13,The Oval LSOA,E00072909,Kingsway,160115,-2.386211693,51.36643535
23,The Oval LSOA,E00072909,Kingsway,160115,-2.386727756,51.36621299
14,Lansdown LSOA,E00072798,Kingswood School,160201,-2.374937942,51.39835719
14,Lansdown LSOA,E00189454,Kingswood School,160201,-2.367077079,51.39973485
23,Lansdown LSOA,E00189454,Kingswood School,160201,-2.36769813,51.39899748
17,Lambridge LSOA,E00072787,Lambridge St,164059,-2.342884017,51.39659403
13,Lansdown LSOA,E00189553,Lansdown Cemetery,162054,-2.377822925,51.40743882
23,Lansdown LSOA,E00072801,Lansdown Crescent,160287,-2.368656013,51.3937278
21,Lansdown LSOA,E00072803,Lansdown Crescent,160287,-2.365666972,51.39261175
23,Lansdown LSOA,E00072797,Lansdown Road,160273,-2.36751255,51.39480024
17,Lansdown LSOA,E00072797,Lansdown Road,160273,-2.366747399,51.39489943
13,Lansdown LSOA,E00072797,Lansdown Road,160273,-2.366961616,51.39527184
13,Lansdown LSOA,E00072798,Lansdown Road,160273,-2.368324831,51.39556497
23,Larkhall LSOA,E00072792,Larkhall Square,160150,-2.346087226,51.39907374
23,Larkhall LSOA,E00072792,Larkhall Square,160150,-2.34603304,51.39904499
23,Larkhall LSOA,E00072792,Larkhall Square,160150,-2.345917763,51.39897218
23,Larkhall LSOA,E00072792,Larkhall Square,160150,-2.345826462,51.39876472
14,Larkhall LSOA,E00072792,Larkhall Square,160150,-2.345603898,51.39878122
13,Upper Weston LSOA,E00073119,Leighton Avenue,160234,-2.4009089,51.40356306
14,Upper Weston LSOA,E00073119,Leighton Avenue,160234,-2.401251115,51.40369772
23,Upper Weston LSOA,E00073119,Leighton Avenue,160234,-2.400596649,51.40405019
23,Upper Weston LSOA,E00073119,Leighton Avenue,160234,-2.401388489,51.40458413
23,Upper Weston LSOA,E00073119,Leighton Avenue,160234,-2.40166659,51.4050112
23,Upper Weston LSOA,E00073119,Leighton Avenue,160234,-2.402535658,51.40575041
13,Upper Weston LSOA,E00073119,Leighton Avenue,160234,-2.402586152,51.40556164
13,Upper Weston LSOA,E00073119,Leighton Avenue,160234,-2.402675357,51.40537779
23,Upper Weston LSOA,E00073119,Leighton Avenue,160234,-2.402696889,51.40528198
13,Upper Weston LSOA,E00073119,Leighton Avenue,160234,-2.402711116,51.40507975
17,Upper Weston LSOA,E00073119,Leighton Rd Weston,160107,-2.399533894,51.40472288
13,Upper Weston LSOA,E00073119,Leighton Rd Weston,160107,-2.400334875,51.4048409
13,Upper Weston LSOA,E00073121,Leighton Rd Weston,160107,-2.398562821,51.40383419
23,Upper Weston LSOA,E00073121,Leighton Rd Weston,160107,-2.397569952,51.40449317
13,Upper Weston LSOA,E00073121,Leighton Rd Weston,160107,-2.398446855,51.40468863
20,Upper Weston LSOA,E00073122,Leighton Rd Weston,160107,-2.39956514,51.40317254
17,Lower Weston LSOA,E00072771,Locksbrook,160214,-2.387862064,51.38427057
17,Locksbrook LSOA,E00072871,Locksbrook Ind Estat,164040,-2.389392918,51.38268552
17,Locksbrook LSOA,E00072871,Locksbrook Ind Estat,164040,-2.389948923,51.38266228
17,Locksbrook LSOA,E00072871,Locksbrook Ind Estat,164040,-2.390803196,51.38232809
23,Locksbrook LSOA,E00072871,Locksbrook Ind Estat,164040,-2.391373613,51.38220458
23,Locksbrook LSOA,E00072889,Locksbrook Ind Estat,164040,-2.389806488,51.38342024
23,Bearflat LSOA,E00072814,Longfellow Ave,160385,-2.365484317,51.37100969
23,Bearflat LSOA,E00072814,Longfellow Ave,160385,-2.363784955,51.37159532
17,Bearflat LSOA,E00072818,Longfellow Ave,160385,-2.364768781,51.37061082
11,Bearflat LSOA,E00072818,Longfellow Ave,160385,-2.364933586,51.37058339
17,Southdown LSOA,E00073001,Loxley Gardens,160119,-2.390890018,51.37260432
13,Coronation Avenue LSOA,E00073102,Lymore Ave,160169,-2.385804143,51.37430104
23,Dartmouth Avenue LSOA,E00073099,Lymore Ave,160169,-2.387941976,51.37651991
17,Dartmouth Avenue LSOA,E00073099,Lymore Ave,160169,-2.386217058,51.37484676
13,Southdown LSOA,E00073004,Lymore Ave,160169,-2.389059276,51.37433942
17,Southdown LSOA,E00073004,Lymore Ave,160169,-2.38853924,51.37453301
13,Southdown LSOA,E00073015,Lymore Ave,160169,-2.388443873,51.37581985
23,Prior Park LSOA,E00073142,Lyncombe Hill,160147,-2.356072314,51.37168371
13,Prior Park LSOA,E00073142,Lyncombe Hill,160147,-2.355006948,51.37199673
20,Prior Park LSOA,E00073142,Lyncombe Hill,160147,-2.35356486,51.37195366
17,Prior Park LSOA,E00073142,Lyncombe Vale Road,160357,-2.354610108,51.37078093
17,Prior Park LSOA,E00073142,Lyncombe Vale Road,160357,-2.354118265,51.37094003
23,Weston Park LSOA,E00073113,Lynfield Park,160129,-2.386772621,51.39639273
17,Southdown LSOA,E00073001,Lytton Gardens,160185,-2.393263106,51.37231432
20,Southdown LSOA,E00073001,Lytton Gardens,160185,-2.394128539,51.3720743
21,Southdown LSOA,E00073001,Lytton Gardens,160185,-2.394373891,51.37171995
21,Southdown LSOA,E00073001,Lytton Gardens,160185,-2.394456689,51.37169711
21,Southdown LSOA,E00073001,Lytton Gardens,160185,-2.39462764,51.37165884
21,Southdown LSOA,E00073001,Lytton Gardens,160185,-2.394721397,51.37162568
21,Southdown LSOA,E00073001,Lytton Gardens,160185,-2.394338966,51.37151855
21,Southdown LSOA,E00073001,Lytton Gardens,160185,-2.394889739,51.37158716
21,Southdown LSOA,E00073001,Lytton Gardens,160185,-2.394982461,51.37155683
17,Southdown LSOA,E00073001,Lytton Gardens,160185,-2.395164341,51.37138739
23,The Hollow LSOA,E00073008,Lytton Gardens,160185,-2.393790109,51.37065466
22,The Hollow LSOA,E00073008,Lytton Gardens,160185,-2.394691234,51.37144428
22,The Hollow LSOA,E00073008,Lytton Gardens,160185,-2.394508898,51.37141301
17,The Hollow LSOA,E00073008,Lytton Gardens,160185,-2.394950359,51.37102023
13,Fairfield LSOA,E00072776,Malvern Buildings,160177,-2.357161476,51.39735343
17,Fairfield LSOA,E00072789,Malvern Buildings,160177,-2.356655218,51.39779286
13,Fairfield LSOA,E00072790,Malvern Buildings,160177,-2.354391671,51.39794208
14,Fairfield LSOA,E00072791,Malvern Buildings,160177,-2.35486985,51.39848535
23,Fairfield LSOA,E00072791,Malvern Buildings,160177,-2.355189015,51.39837748
23,Fairfield LSOA,E00072791,Malvern Buildings,160177,-2.356353532,51.39744352
14,Newbridge Park and Ride LSOA,E00072877,Manor Park,160061,-2.393054843,51.39088602
14,RUH LSOA,E00072878,Manor Park,160061,-2.395453017,51.38981442
17,Great Pulteney LSOA,E00072575,Manvers St Polce Stn,160230,-2.357316941,51.37940446
17,Roundhill LSOA,E00073013,Marsden Road East,164055,-2.389843643,51.36700756
23,Rush Hill LSOA,E00072904,Marsden Road West,160248,-2.390747212,51.36482328
17,Rush Hill LSOA,E00072904,Marsden Road West,160248,-2.39031988,51.36539053
17,Rush Hill LSOA,E00072904,Marsden Road West,160248,-2.389748977,51.36568134
23,Fairfield LSOA,E00072776,Marshfield Way,160218,-2.355911722,51.39668997
17,Moorfields LSOA,E00072914,Melcombe Road,160153,-2.379131602,51.37498033
17,Dartmouth Avenue LSOA,E00073094,Millmead Road,160049,-2.384704285,51.37859353
23,University LSOA,E00072633,Minster Way,160131,-2.341529935,51.38876611
23,University LSOA,E00072633,Minster Way,160131,-2.341533998,51.38936446
17,University LSOA,E00072633,Minster Way,160131,-2.342695481,51.38822852
11,Bloomfield LSOA,E00072816,Moorlands,160052,-2.370084983,51.36975671
12,Bloomfield LSOA,E00072816,Moorlands,160052,-2.369332234,51.37009878
23,Englishcombe LSOA,E00072919,Moorlands,160052,-2.37753972,51.37128412
17,Englishcombe LSOA,E00072920,Moorlands,160052,-2.37429638,51.37085393
17,Englishcombe LSOA,E00072920,Moorlands,160052,-2.373962285,51.37147466
17,Englishcombe LSOA,E00072920,Moorlands,160052,-2.374576033,51.37150901
23,Englishcombe LSOA,E00072920,Moorlands,160052,-2.375448129,51.37123389
17,Englishcombe LSOA,E00072924,Moorlands,160052,-2.373801562,51.37004622
13,Englishcombe LSOA,E00072924,Moorlands,160052,-2.373885155,51.37036671
20,Englishcombe LSOA,E00072924,Moorlands,160052,-2.37547161,51.37004776
12,Weston High Street LSOA,E00073110,Moravian Church,164006,-2.396793805,51.39686756
12,Weston High Street LSOA,E00073110,Moravian Church,164006,-2.396585626,51.39684493
12,Weston High Street LSOA,E00073110,Moravian Church,164006,-2.396490878,51.39684144
12,Weston High Street LSOA,E00073110,Moravian Church,164006,-2.397693563,51.39667408
12,Weston High Street LSOA,E00073110,Moravian Church,164006,-2.397611354,51.39668467
12,Weston High Street LSOA,E00073110,Moravian Church,164006,-2.398170554,51.39733866
12,Weston High Street LSOA,E00073110,Moravian Church,164006,-2.398228286,51.39724772
12,Weston High Street LSOA,E00073110,Moravian Church,164006,-2.398308153,51.39715572
12,Weston High Street LSOA,E00073110,Moravian Church,164006,-2.39811628,51.39655621
12,Weston High Street LSOA,E00073110,Moravian Church,164006,-2.398062024,51.3965301
12,Weston High Street LSOA,E00073110,Moravian Church,164006,-2.398009132,51.39649532
12,Weston High Street LSOA,E00073110,Moravian Church,164006,-2.397827642,51.39635751
23,Mulberry Park LSOA,E00189595,Mulberry Park,164242,-2.354504733,51.36122569
13,Upper Weston LSOA,E00073119,Napier Road,160284,-2.400393724,51.40534876
23,Upper Weston LSOA,E00073119,Napier Road,160284,-2.400537489,51.40518322
13,Upper Weston LSOA,E00073119,Napier Road,160284,-2.401001265,51.40526193
13,Upper Weston LSOA,E00073119,Napier Road,160284,-2.400871721,51.40544435
23,Upper Weston LSOA,E00073119,Napier Road,160284,-2.402107253,51.40554027
23,Upper Weston LSOA,E00073119,Napier Road,160284,-2.4021452,51.40544084
14,Upper Weston LSOA,E00073121,Napier Road,160284,-2.399851513,51.40533084
17,RUH LSOA,E00072881,Newbridge Hill,160386,-2.38987721,51.38665809
14,RUH LSOA,E00072881,Newbridge Hill,160386,-2.389725947,51.38764587
14,RUH LSOA,E00072881,Newbridge Hill,160386,-2.39052476,51.38733798
13,Newbridge LSOA,E00072884,Newbridge Road West,160388,-2.401436033,51.38736221
23,Newbridge LSOA,E00072884,Newbridge Road West,160388,-2.402050825,51.38749282
13,Newbridge LSOA,E00072884,Newbridge Road West,160388,-2.400968859,51.38775275
13,Newbridge Park and Ride LSOA,E00072873,Newbridge Road West,160388,-2.402339978,51.38930261
13,Newbridge Park and Ride LSOA,E00072873,Newbridge Road West,160388,-2.401449209,51.3889443
23,Newbridge Park and Ride LSOA,E00072876,Newbridge Road West,160388,-2.400592337,51.38881909
14,Newbridge Park and Ride LSOA,E00072876,Newbridge Road West,160388,-2.400125796,51.38863519
17,Englishcombe LSOA,E00072908,Oak Avenue,160058,-2.38085502,51.36933482
17,Englishcombe LSOA,E00072908,Oak Avenue,160058,-2.381118711,51.36861956
17,The Oval LSOA,E00072907,Oak Avenue,160058,-2.385652747,51.3683587
23,The Oval LSOA,E00072907,Oak Avenue,160058,-2.38478019,51.36841134
17,The Oval LSOA,E00072909,Oak Avenue,160058,-2.383652842,51.36683111
23,The Oval LSOA,E00072909,Oak Avenue,160058,-2.383708019,51.36724975
20,The Oval LSOA,E00072909,Oak Avenue,160058,-2.384919704,51.36759992
17,The Oval LSOA,E00072922,Oak Avenue,160058,-2.383982141,51.36945847
17,Wells Road LSOA,E00073128,Oak Street,160053,-2.363818614,51.37731645
23,Wells Road LSOA,E00073137,Oak Street,160053,-2.366194334,51.37601224
20,Wells Road LSOA,E00073137,Oak Street,160053,-2.366902642,51.37610821
17,Odd Down South LSOA,E00072897,Odd Down Bath,160054,-2.382353539,51.35574594
23,Odd Down South LSOA,E00072897,Odd Down Bath,160054,-2.383125787,51.35624156
17,Odd Down South LSOA,E00072897,Odd Down Bath,160054,-2.380018792,51.35669302
20,Odd Down South LSOA,E00072898,Odd Down Bath,160054,-2.379673617,51.35889133
23,University LSOA,E00072640,Old Quarry North Rd.,164004,-2.336350342,51.37915898
13,University LSOA,E00072640,Old Quarry North Rd.,164004,-2.336944678,51.37955352
17,University LSOA,E00072654,Old Quarry North Rd.,164004,-2.331787952,51.37945117
20,University LSOA,E00072654,Old Quarry North Rd.,164004,-2.331921784,51.38031082
13,Newbridge Park and Ride LSOA,E00072873,Oldfield Grls School,160223,-2.405408072,51.39295925
17,Moorfields LSOA,E00072916,Oldfield Lane,160297,-2.375714569,51.37485676
17,Moorfields LSOA,E00072916,Oldfield Lane,160297,-2.374972799,51.37435483
17,Moorfields LSOA,E00072916,Oldfield Lane,160297,-2.374542089,51.37407462
21,Moorfields LSOA,E00072916,Oldfield Lane,160297,-2.374645147,51.37390429
17,Moorfields LSOA,E00072916,Oldfield Lane,160297,-2.375105442,51.37518585
23,Moorfields LSOA,E00072917,Oldfield Lane,160297,-2.376149145,51.3747985
17,Englishcombe LSOA,E00072919,Oldfield Park Local,164082,-2.378259639,51.37263841
17,Odd Down South LSOA,E00072896,Oolite Road,164014,-2.377790613,51.35602284
23,Odd Down South LSOA,E00072896,Oolite Road,164014,-2.377122095,51.35615348
23,Odd Down South LSOA,E00072898,Oolite Road,164014,-2.379484386,51.35752497
23,Odd Down South LSOA,E00072898,Oolite Road,164014,-2.379203049,51.35785392
13,Newbridge LSOA,E00072885,Osborne Rd Lr Weston,160057,-2.394223246,51.38627845
20,Newbridge LSOA,E00072885,Osborne Rd Lr Weston,160057,-2.394699314,51.38520414
23,Newbridge LSOA,E00072885,Osborne Rd Lr Weston,160057,-2.394723269,51.38511429
17,Newbridge LSOA,E00072886,Osborne Rd Lr Weston,160057,-2.394890413,51.38478895
20,Lower Weston LSOA,E00072766,Park Lane,160059,-2.379120798,51.38786092
21,Lower Weston LSOA,E00072766,Park Lane,160059,-2.379841257,51.38869304
23,Lower Weston LSOA,E00072766,Park Lane,160059,-2.379647239,51.38867536
23,Lower Weston LSOA,E00072767,Park Lane,160059,-2.379268018,51.38634554
17,Newbridge Park and Ride LSOA,E00072876,Partis College,160236,-2.398549103,51.38892992
13,Newbridge Park and Ride LSOA,E00072876,Partis College,160236,-2.398926441,51.38892477
23,Newbridge Park and Ride LSOA,E00072876,Partis College,160236,-2.39905732,51.38899141
22,RUH LSOA,E00072878,Partis College,160236,-2.396082476,51.38925163
17,RUH LSOA,E00072878,Partis College,160236,-2.397605277,51.38854614
17,Newbridge Park and Ride LSOA,E00072873,Penn Gardens Weston,160133,-2.401876007,51.39057334
23,Newbridge Park and Ride LSOA,E00072873,Penn Gardens Weston,160133,-2.401458562,51.39178217
23,Newbridge Park and Ride LSOA,E00072873,Penn Gardens Weston,160133,-2.401346017,51.39201138
23,Newbridge Park and Ride LSOA,E00072875,Penn Gardens Weston,160133,-2.401135282,51.39129406
13,Newbridge Park and Ride LSOA,E00072875,Penn Gardens Weston,160133,-2.400860083,51.3911576
13,Newbridge Park and Ride LSOA,E00072875,Penn Gardens Weston,160133,-2.401228896,51.39133129
23,Newbridge Park and Ride LSOA,E00072875,Penn Gardens Weston,160133,-2.401149671,51.39079249
23,Newbridge Park and Ride LSOA,E00072872,Penn Hill Road,164080,-2.396506581,51.3932741
18,RUH LSOA,E00072879,Penn Hill Road,164080,-2.392221848,51.3923066
20,Great Pulteney LSOA,E00072575,Philip Street B,164187,-2.358292128,51.37960832
20,Great Pulteney LSOA,E00072575,Phillip Street,164172,-2.358135383,51.37946138
23,Lambridge LSOA,E00072787,Pitmans Court,164046,-2.342100449,51.39846845
23,Lansdown View LSOA,E00073090,Polamco,164139,-2.38699628,51.38005295
23,Lansdown View LSOA,E00073090,Polamco,164139,-2.387284543,51.38023323
23,Oldfield Park LSOA,E00170252,Polamco,164139,-2.388615927,51.38122034
17,Redland Park LSOA,E00073031,Poolemeade,160063,-2.405386541,51.37860065
13,Redland Park LSOA,E00073031,Poolemeade,160063,-2.405290334,51.37864994
17,Redland Park LSOA,E00073034,Poolemeade,160063,-2.402582099,51.38075264
13,Redland Park LSOA,E00073034,Poolemeade,160063,-2.403215781,51.38076636
13,Redland Park LSOA,E00073034,Poolemeade,160063,-2.403425731,51.38076208
13,Redland Park LSOA,E00073034,Poolemeade,160063,-2.403698045,51.38033
13,Redland Park LSOA,E00073046,Poolemeade,160063,-2.404774904,51.38178033
13,Redland Park LSOA,E00073046,Poolemeade,160063,-2.404885868,51.38188132
17,Redland Park LSOA,E00073046,Poolemeade,160063,-2.405068515,51.38096355
18,Redland Park LSOA,E00073046,Poolemeade,160063,-2.405317151,51.38090199
18,Redland Park LSOA,E00073046,Poolemeade,160063,-2.405416198,51.38088649
13,Redland Park LSOA,E00073046,Poolemeade,160063,-2.406332728,51.38057537
23,The Oval LSOA,E00072923,Poplar Close,160109,-2.381746888,51.37169489
13,Cleveland LSOA,E00073049,Powlett Road,160285,-2.352348862,51.38943727
17,Green Park LSOA,E00072759,Premier Inn Kingsmead,164209,-2.363921889,51.38058325
17,Lansdown View LSOA,E00073092,Priddy Close,164029,-2.388473131,51.37913829
13,Lansdown LSOA,E00072801,Primrose Hill,160333,-2.377837704,51.39422138
23,Weston Park LSOA,E00073115,Primrose Hill,160333,-2.377558455,51.39593129
13,Combe Down LSOA,E00072672,Priory Close Bath,160125,-2.346144073,51.36486574
17,Combe Down LSOA,E00072672,Priory Close Bath,160125,-2.34790227,51.36563465
23,Combe Down LSOA,E00072672,Priory Close Bath,160125,-2.348486489,51.36571963
23,Combe Down LSOA,E00072672,Priory Close Bath,160125,-2.348226557,51.36494072
23,Combe Down LSOA,E00072672,Priory Close Bath,160125,-2.350203034,51.36510282
11,Alexandra Park LSOA,E00073129,Pulteney Gdns,160335,-2.350031371,51.37977624
23,Bathwick LSOA,E00072638,Pulteney Gdns,160335,-2.349643681,51.38080775
12,Bathwick LSOA,E00072638,Pulteney Gdns,160335,-2.349545281,51.37974672
23,Bathwick LSOA,E00072638,Pulteney Gdns,160335,-2.349230562,51.37925684
23,Prior Park LSOA,E00073135,Pulteney Gdns,160335,-2.350085501,51.37703048
17,Weston Park LSOA,E00073114,Purlewent Drive,160256,-2.384790078,51.39452884
23,Weston Park LSOA,E00073114,Purlewent Drive,160256,-2.385471835,51.39445554
23,Weston Park LSOA,E00073114,Purlewent Drive,160256,-2.384947131,51.39459426
23,University LSOA,E00072632,Quarry Rock Gardens,162078,-2.332591749,51.37241439
18,University LSOA,E00072657,Quarry Rock Gardens,162078,-2.33159274,51.37419778
20,Redland Park LSOA,E00073046,Redland Park A,160361,-2.405115549,51.38232976
13,Camden Crescent LSOA,E00072799,Richmond Heights,160351,-2.360911223,51.39611622
23,Camden Crescent LSOA,E00072799,Richmond Heights,160351,-2.360988457,51.39613198
13,Camden Crescent LSOA,E00072799,Richmond Heights,160351,-2.361184373,51.39697672
23,Camden Crescent LSOA,E00072799,Richmond Heights,160351,-2.362161356,51.3973625
23,Camden Crescent LSOA,E00072800,Richmond Hill,160064,-2.361587,51.39346246
21,Camden Crescent LSOA,E00072800,Richmond Hill,160064,-2.36159584,51.39190894
17,Camden Crescent LSOA,E00072800,Richmond Hill,160064,-2.361537551,51.39231832
11,Camden Crescent LSOA,E00072800,Richmond Hill,160064,-2.361905753,51.39230613
11,Camden Crescent LSOA,E00072800,Richmond Hill,160064,-2.361414583,51.39247282
23,Lansdown LSOA,E00072797,Richmond Hill,160064,-2.362711024,51.39470839
13,Camden Crescent LSOA,E00072799,Richmond Place,160244,-2.361574632,51.3953944
11,Camden Crescent LSOA,E00072799,Richmond Place,160244,-2.362482865,51.39638119
14,RUH LSOA,E00072881,Rosslyn Road,164011,-2.392235177,51.38709829
13,RUH LSOA,E00072882,Rosslyn Road,164011,-2.393343259,51.38737719
17,Roundhill LSOA,E00073012,Roundhill Grove,160157,-2.392582319,51.36808084
23,Roundhill LSOA,E00073012,Roundhill Grove,160157,-2.392537527,51.36889937
23,The Hollow LSOA,E00073008,Roundhill Grove,160157,-2.394789037,51.37020692
17,The Hollow LSOA,E00073008,Roundhill Grove,160157,-2.392400586,51.36960649
14,Roundhill LSOA,E00073010,Roundhill Pk,160065,-2.398794598,51.36765341
13,The Hollow LSOA,E00073002,Roundhill Pk,160065,-2.397421536,51.37144839
13,The Hollow LSOA,E00073002,Roundhill Pk,160065,-2.397537557,51.37139424
13,Whiteway LSOA,E00073005,Roundhill Pk,160065,-2.400947822,51.37101702
23,Whiteway LSOA,E00073005,Roundhill Pk,160065,-2.399026936,51.37139157
23,Lansdown LSOA,E00072797,Royal School Bath,160103,-2.365782033,51.39942805
22,Lansdown LSOA,E00072797,Royal School Bath,160103,-2.366297703,51.39898826
17,Rush Hill LSOA,E00170250,Rush Hill,160212,-2.389230119,51.36325675
20,Rush Hill LSOA,E00170250,Rush Hill,160212,-2.389110097,51.36317965
17,Rush Hill LSOA,E00170250,Rush Hill,160212,-2.38867507,51.36307089
23,Rush Hill LSOA,E00170250,Rush Hill,160212,-2.388138765,51.36325474
23,Rush Hill LSOA,E00170250,Rush Hill,160212,-2.387715496,51.36286734
17,Rush Hill LSOA,E00170250,Rush Hill,160212,-2.387650705,51.36260391
23,Rush Hill LSOA,E00170250,Rush Hill,160212,-2.38490888,51.36262402
23,Rush Hill LSOA,E00170250,Rush Hill,160212,-2.385005401,51.36259734
23,Rush Hill LSOA,E00170250,Rush Hill,160212,-2.384783754,51.36224572
23,Rush Hill LSOA,E00170250,Rush Hill,160212,-2.384710058,51.36221455
23,Rush Hill LSOA,E00170250,Rush Hill,160212,-2.384639848,51.36218608
17,Rush Hill LSOA,E00170250,Rush Hill,160212,-2.384881506,51.36296155
17,Rush Hill LSOA,E00170250,Rush Hill Westbury,164171,-2.38738546,51.36237885
17,Rush Hill LSOA,E00170256,Rush Hill Westbury,164171,-2.386764373,51.36128748
17,City Centre LSOA,E00072572,Saw Close,164117,-2.361879078,51.38098916
23,Moorland Road LSOA,E00072911,Second Avenue,160309,-2.37734364,51.37780203
17,Moorland Road LSOA,E00072911,Second Avenue,160309,-2.377343877,51.37703881
23,Moorland Road LSOA,E00072911,Second Avenue,160309,-2.375184636,51.37722194
23,Moorland Road LSOA,E00072912,Second Avenue,160309,-2.376094173,51.37556198
23,Moorland Road LSOA,E00072912,Second Avenue,160309,-2.375829596,51.37515372
23,Mulberry Park LSOA,E00072683,Sedgemoor Rd Bath,160117,-2.360317239,51.35967879
17,Mulberry Park LSOA,E00072684,Sedgemoor Rd Bath,160117,-2.361815178,51.36008318
17,Mulberry Park LSOA,E00072684,Sedgemoor Rd Bath,160117,-2.362611438,51.35998908
17,Mulberry Park LSOA,E00072684,Sedgemoor Rd Bath,160117,-2.362883529,51.35995843
23,Mulberry Park LSOA,E00072684,Sedgemoor Rd Bath,160117,-2.362672678,51.35974466
21,Sedgemoor LSOA,E00072674,Sedgemoor Rd Bath,160117,-2.361742423,51.3618138
17,Sedgemoor LSOA,E00072674,Selworthy House,160243,-2.360776436,51.36328722
13,Combe Down LSOA,E00072668,Shaft Rd Bath,160302,-2.335481959,51.36281983
13,Combe Down LSOA,E00072676,Shaft Rd Bath,160302,-2.335481959,51.36281983
23,Moorfields LSOA,E00072915,Shaftesbury Rd,160238,-2.377606111,51.37618104
23,Southside LSOA,E00073041,Sheridan Rd,164038,-2.405862946,51.37726863
17,Lansdown View LSOA,E00073088,Shophouse Rd,164036,-2.389841553,51.37976446
14,Twerton LSOA,E00073032,Shophouse Rd,164036,-2.391807796,51.37996804
23,Twerton Park LSOA,E00073035,Shophouse Rd,164036,-2.392543865,51.3785346
20,Twerton Park LSOA,E00073035,Shophouse Rd,164036,-2.392100325,51.37861528
13,Lansdown LSOA,E00072801,Sion Hill,160380,-2.376776661,51.39437872
20,Lansdown LSOA,E00072801,Sion Hill,160380,-2.377323185,51.3944761
23,Lansdown LSOA,E00072801,Sion Hill,160380,-2.377706367,51.39392676
23,Lansdown LSOA,E00072801,Sion Hill,160380,-2.377439301,51.39390469
13,Lansdown LSOA,E00072801,Sion Hill,160380,-2.377038066,51.3938354
21,Lansdown LSOA,E00072801,Sion Hill,160380,-2.376478138,51.39363879
23,Lansdown LSOA,E00072801,Sion Hill,160380,-2.376231868,51.39358599
13,Lansdown LSOA,E00072801,Sion Hill,160380,-2.375714444,51.39340491
13,Camden West LSOA,E00073061,Snow Hill,160293,-2.355076024,51.39096309
14,Camden Crescent LSOA,E00072795,Solsbury Way,160237,-2.360218086,51.39748225
23,Camden Crescent LSOA,E00072795,Solsbury Way,160237,-2.361132525,51.39767099
23,Fairfield LSOA,E00072778,Solsbury Way,160237,-2.358342432,51.39718135
13,Fairfield LSOA,E00072778,Solsbury Way,160237,-2.358533107,51.39692952
13,Fairfield LSOA,E00072789,Solsbury Way,160237,-2.358028542,51.39919039
17,Odd Down North LSOA,E00072906,Somerdale Ave Bath,160137,-2.383142264,51.36170247
23,Rush Hill LSOA,E00072905,Somerdale Ave Bath,160137,-2.381167511,51.36384148
23,Rush Hill LSOA,E00072905,Somerdale Ave Bath,160137,-2.380888322,51.36362738
23,Rush Hill LSOA,E00072905,Somerdale Ave Bath,160137,-2.381756591,51.36357615
23,Rush Hill LSOA,E00072905,Somerdale Ave Bath,160137,-2.381949461,51.36377298
17,Rush Hill LSOA,E00072905,Somerdale Ave Bath,160137,-2.381535838,51.36335136
23,Rush Hill LSOA,E00072905,Somerdale Ave Bath,160137,-2.381036183,51.36354094
23,Lansdown LSOA,E00072801,Somerset Place,160105,-2.370243001,51.39333112
23,Lansdown LSOA,E00072801,Somerset Place,160105,-2.370905536,51.39234704
21,Lansdown LSOA,E00072801,Somerset Place,160105,-2.373453045,51.39255413
13,Lansdown LSOA,E00072801,Somerset Place,160105,-2.374211143,51.39344173
14,Newbridge Park and Ride LSOA,E00072875,South Lea Rd,160159,-2.397920322,51.39314948
23,Newbridge Park and Ride LSOA,E00072875,South Lea Rd,160159,-2.398584163,51.39316623
23,Newbridge Park and Ride LSOA,E00072876,South Lea Rd,160159,-2.397794099,51.39033661
14,RUH LSOA,E00072878,South Lea Rd,160159,-2.396759952,51.39035901
11,Camden East LSOA,E00073050,Southbourne Gdns,160277,-2.350391376,51.39533603
11,Camden East LSOA,E00073050,Southbourne Gdns,160277,-2.350241904,51.39538886
13,Fairfield LSOA,E00072788,Southbourne Gdns,160277,-2.348436549,51.39621562
23,Kensington Meadows LSOA,E00073070,Southbourne Gdns,160277,-2.349115305,51.3946106
23,Kensington Meadows LSOA,E00073070,Southbourne Gdns,160277,-2.350072454,51.39457603
23,Lambridge LSOA,E00072793,Southbourne Gdns,160277,-2.347513934,51.39471568
23,Alexandra Park LSOA,E00073139,Southcot Pl,160373,-2.357186031,51.37555837
12,Weston High Street LSOA,E00073112,Southlands Weston,160094,-2.395947971,51.39677832
12,Weston High Street LSOA,E00073112,Southlands Weston,160094,-2.395874001,51.39676238
12,Weston High Street LSOA,E00073112,Southlands Weston,160094,-2.395801622,51.39675349
12,Weston High Street LSOA,E00073112,Southlands Weston,160094,-2.395739455,51.39674367
12,Weston High Street LSOA,E00073112,Southlands Weston,160094,-2.395592237,51.39670862
12,Weston High Street LSOA,E00073112,Southlands Weston,160094,-2.395518303,51.3966878
12,Weston High Street LSOA,E00073112,Southlands Weston,160094,-2.395460507,51.39666835
12,Weston High Street LSOA,E00073112,Southlands Weston,160094,-2.395386025,51.39664631
12,Weston High Street LSOA,E00073112,Southlands Weston,160094,-2.395255405,51.39661528
12,Weston High Street LSOA,E00073112,Southlands Weston,160094,-2.395193916,51.39659865
12,Weston High Street LSOA,E00073112,Southlands Weston,160094,-2.395127162,51.39656507
12,Weston High Street LSOA,E00073112,Southlands Weston,160094,-2.395066166,51.39654992
12,Weston High Street LSOA,E00073112,Southlands Weston,160094,-2.394941104,51.39649615
12,Weston High Street LSOA,E00073112,Southlands Weston,160094,-2.394890108,51.39646456
12,Weston High Street LSOA,E00073112,Southlands Weston,160094,-2.394835666,51.39643671
12,Weston High Street LSOA,E00073112,Southlands Weston,160094,-2.394777404,51.39641843
12,Weston High Street LSOA,E00073112,Southlands Weston,160094,-2.394666117,51.39635633
12,Weston High Street LSOA,E00073112,Southlands Weston,160094,-2.394618751,51.39632936
12,Weston High Street LSOA,E00073112,Southlands Weston,160094,-2.394553792,51.39630384
12,Weston High Street LSOA,E00073112,Southlands Weston,160094,-2.394498528,51.39627786
12,Weston High Street LSOA,E00073112,Southlands Weston,160094,-2.395655599,51.39640279
12,Weston High Street LSOA,E00073112,Southlands Weston,160094,-2.395579796,51.39637789
12,Weston High Street LSOA,E00073112,Southlands Weston,160094,-2.395471441,51.39635051
12,Weston High Street LSOA,E00073112,Southlands Weston,160094,-2.395411176,51.39631891
12,Weston High Street LSOA,E00073112,Southlands Weston,160094,-2.395310864,51.39629265
12,Weston High Street LSOA,E00073112,Southlands Weston,160094,-2.395225109,51.39625869
12,Weston High Street LSOA,E00073112,Southlands Weston,160094,-2.395134444,51.39622467
12,Weston High Street LSOA,E00073112,Southlands Weston,160094,-2.395072563,51.39618547
12,Weston High Street LSOA,E00073112,Southlands Weston,160094,-2.394973471,51.39614406
12,Weston High Street LSOA,E00073112,Southlands Weston,160094,-2.394902663,51.39611039
12,Weston High Street LSOA,E00073112,Southlands Weston,160094,-2.394817108,51.39606691
12,Weston High Street LSOA,E00073112,Southlands Weston,160094,-2.394761796,51.39604312
12,Weston High Street LSOA,E00073112,Southlands Weston,160094,-2.393461654,51.39533275
17,Weston High Street LSOA,E00073112,Southlands Weston,160094,-2.394363556,51.39620266
23,Entry Hill LSOA,E00072825,Southstoke Road,164001,-2.365015999,51.35545304
17,Entry Hill LSOA,E00072825,Southstoke Road,164001,-2.364475976,51.35573629
17,Mulberry Park LSOA,E00072682,Southstoke Road,164001,-2.361302777,51.35672049
23,Mulberry Park LSOA,E00072682,Southstoke Road,164001,-2.363598245,51.35601658
23,Mulberry Park LSOA,E00072682,Southstoke Road,164001,-2.36293064,51.35681998
12,Bathwick LSOA,E00072634,St Annes Way,160253,-2.344616095,51.38433178
11,Bathwick LSOA,E00072634,St Annes Way,160253,-2.345064396,51.38398227
12,Bathwick LSOA,E00072634,St Annes Way,160253,-2.345174775,51.38445121
12,Bathwick LSOA,E00072634,St Annes Way,160253,-2.347143729,51.38492874
17,Bathwick LSOA,E00072634,St Annes Way,160253,-2.347032358,51.384323
23,Bathwick LSOA,E00072634,St Annes Way,160253,-2.346660675,51.38421931
17,Bathwick LSOA,E00072634,St Annes Way,160253,-2.346412709,51.38416307
17,Bathwick LSOA,E00072634,St Annes Way,160253,-2.348064808,51.38391883
23,Bathwick LSOA,E00072634,St Annes Way,160253,-2.346951396,51.38431378
17,Bathwick LSOA,E00072635,St Annes Way,160253,-2.345928595,51.38480579
17,Bathwick LSOA,E00072635,St Annes Way,160253,-2.344931635,51.38186878
15,Bathwick LSOA,E00072635,St Annes Way,160253,-2.346782307,51.38309074
23,Bathwick LSOA,E00072635,St Annes Way,160253,-2.346375996,51.38283756
17,Bathwick LSOA,E00072635,St Annes Way,160253,-2.345602583,51.38355294
12,Bathwick LSOA,E00072635,St Annes Way,160253,-2.345526875,51.38284411
23,Fairfield LSOA,E00072788,St Saviours,160068,-2.346461298,51.39694262
23,Kensington Meadows LSOA,E00073056,St Saviours,160068,-2.34504695,51.39462429
23,Kensington Meadows LSOA,E00073070,St Saviours,160068,-2.347822817,51.39427414
17,Lambridge LSOA,E00072777,St Saviours,160068,-2.346360091,51.39564674
20,Lansdown Road LSOA,E00072804,St Stephens Rd,160371,-2.3631027,51.39138659
13,Lansdown Road LSOA,E00072804,St Stephens Rd,160371,-2.361533813,51.39116152
20,Combe Down RFC LSOA,E00189475,Stonehouse Ln Bath,160255,-2.353337564,51.36426166
20,Combe Down RFC LSOA,E00189475,Stonehouse Ln Bath,160255,-2.353614438,51.36416251
20,Combe Down RFC LSOA,E00189475,Stonehouse Ln Bath,160255,-2.353036441,51.36439665
20,Combe Down RFC LSOA,E00189475,Stonehouse Ln Bath,160255,-2.351309234,51.36382579
20,Combe Down RFC LSOA,E00189475,Stonehouse Ln Bath,160255,-2.351076652,51.36391989
20,Combe Down RFC LSOA,E00189475,Stonehouse Ln Bath,160255,-2.352045075,51.36395546
20,Combe Down RFC LSOA,E00189475,Stonehouse Ln Bath,160255,-2.352411807,51.36468097
21,Combe Down RFC LSOA,E00189475,Stonehouse Ln Bath,160255,-2.352177425,51.36478386
21,Combe Down RFC LSOA,E00189475,Stonehouse Ln Bath,160255,-2.351850318,51.36491952
21,Combe Down RFC LSOA,E00189475,Stonehouse Ln Bath,160255,-2.351226438,51.36474559
23,Combe Down RFC LSOA,E00189475,Stonehouse Ln Bath,160255,-2.352804227,51.36385477
20,Combe Down RFC LSOA,E00189475,Stonehouse Ln Bath,160255,-2.351333471,51.36386384
20,Combe Down RFC LSOA,E00189475,Stonehouse Ln Bath,160255,-2.351255744,51.36376093
21,Combe Down RFC LSOA,E00189475,Stonehouse Ln Bath,160255,-2.35117356,51.36477228
20,Combe Down RFC LSOA,E00189483,Stonehouse Ln Bath,160255,-2.350978719,51.36389863
17,Combe Down RFC LSOA,E00189483,Stonehouse Ln Bath,160255,-2.350517764,51.36343874
13,Combe Down RFC LSOA,E00189483,Stonehouse Ln Bath,160255,-2.350822504,51.36148505
17,Combe Down RFC LSOA,E00189483,Stonehouse Ln Bath,160255,-2.350521594,51.3621818
23,Combe Down RFC LSOA,E00189483,Stonehouse Ln Bath,160255,-2.351497816,51.36320078
23,Combe Down RFC LSOA,E00189483,Stonehouse Ln Bath,160255,-2.350288877,51.3629298
23,Combe Down RFC LSOA,E00189483,Stonehouse Ln Bath,160255,-2.350774154,51.36284938
23,Combe Down RFC LSOA,E00189483,Stonehouse Ln Bath,160255,-2.35054031,51.36161167
23,Combe Down RFC LSOA,E00189483,Stonehouse Ln Bath,160255,-2.350092679,51.36128149
17,Oldfield Park LSOA,E00073091,Stuart Place,164112,-2.377539537,51.38056137
17,Oldfield Park LSOA,E00073093,Stuart Place,164112,-2.380145471,51.3797006
17,Oldfield Park LSOA,E00073095,Stuart Place,164112,-2.381010358,51.37972299
17,Oldfield Park LSOA,E00189515,Stuart Place,164112,-2.380266829,51.38098622
23,Sulis Meadows LSOA,E00072890,Sulis Manor Radio,164134,-2.3745897,51.3535266
17,Sulis Meadows LSOA,E00072890,Sulis Manor Radio,164134,-2.373783517,51.35331454
17,Sulis Meadows LSOA,E00072890,Sulis Manor Radio,164134,-2.374165105,51.35307027
23,Sulis Meadows LSOA,E00072890,Sulis Manor Radio,164134,-2.374298874,51.35292889
23,Sulis Meadows LSOA,E00072890,Sulis Manor Radio,164134,-2.374941394,51.35268127
17,Sulis Meadows LSOA,E00072890,Sulis Manor Radio,164134,-2.375102449,51.35283907
17,Combe Down LSOA,E00072666,Summer Lane,162139,-2.340362464,51.35742539
21,Bathwick LSOA,E00072638,Sydney Bldgs,164023,-2.348198999,51.38005888
20,Bathwick LSOA,E00072638,Sydney Bldgs,164023,-2.347291599,51.37845501
23,University LSOA,E00072640,Sydney Bldgs,164023,-2.347170643,51.3809692
23,Green Park LSOA,E00072759,Technical College B,164049,-2.363264954,51.38034032
13,Twerton LSOA,E00073048,Technology House,164159,-2.391643857,51.38091724
13,Odd Down North LSOA,E00072894,Telewest Noads Corner,164146,-2.380443361,51.36102915
13,Odd Down North LSOA,E00072894,Telewest Noads Corner,164146,-2.379620307,51.36055161
17,Odd Down North LSOA,E00072894,Telewest Noads Corner,164146,-2.380412299,51.36084667
17,Sulis Meadows LSOA,E00072890,The Firs,164133,-2.378593284,51.35247419
17,Sulis Meadows LSOA,E00072899,The Firs,164133,-2.378593284,51.35247419
20,Wells Road LSOA,E00073128,The Square,164104,-2.366051898,51.37810919
13,Lambridge LSOA,E00072779,Toll Rd,160043,-2.326504572,51.40249574
14,Eastfield Avenue LSOA,E00073108,Trafalgar Rd Weston,160206,-2.393749496,51.39989367
12,Eastfield Avenue LSOA,E00073109,Trafalgar Rd Weston,160206,-2.390858739,51.39903646
12,Eastfield Avenue LSOA,E00073109,Trafalgar Rd Weston,160206,-2.390557494,51.39911075
12,Eastfield Avenue LSOA,E00073109,Trafalgar Rd Weston,160206,-2.389746159,51.39868851
12,Eastfield Avenue LSOA,E00073109,Trafalgar Rd Weston,160206,-2.390119434,51.39855375
12,Eastfield Avenue LSOA,E00073109,Trafalgar Rd Weston,160206,-2.390466516,51.3985376
12,Eastfield Avenue LSOA,E00073109,Trafalgar Rd Weston,160206,-2.390553969,51.39852958
12,Eastfield Avenue LSOA,E00073109,Trafalgar Rd Weston,160206,-2.390633053,51.39852558
12,Eastfield Avenue LSOA,E00073109,Trafalgar Rd Weston,160206,-2.390715895,51.39853225
12,Eastfield Avenue LSOA,E00073109,Trafalgar Rd Weston,160206,-2.390898658,51.39851232
12,Eastfield Avenue LSOA,E00073109,Trafalgar Rd Weston,160206,-2.390965349,51.3985079
12,Eastfield Avenue LSOA,E00073109,Trafalgar Rd Weston,160206,-2.391040501,51.39849794
12,Eastfield Avenue LSOA,E00073109,Trafalgar Rd Weston,160206,-2.391113389,51.39849086
12,Eastfield Avenue LSOA,E00073109,Trafalgar Rd Weston,160206,-2.391254835,51.39848239
12,Eastfield Avenue LSOA,E00073109,Trafalgar Rd Weston,160206,-2.391386085,51.39847818
12,Eastfield Avenue LSOA,E00073109,Trafalgar Rd Weston,160206,-2.391531187,51.39847746
12,Eastfield Avenue LSOA,E00073109,Trafalgar Rd Weston,160206,-2.391682952,51.39846758
12,Eastfield Avenue LSOA,E00073109,Trafalgar Rd Weston,160206,-2.391743812,51.39846685
12,Eastfield Avenue LSOA,E00073109,Trafalgar Rd Weston,160206,-2.391944092,51.39846161
12,Eastfield Avenue LSOA,E00073109,Trafalgar Rd Weston,160206,-2.391596437,51.39847863
12,Eastfield Avenue LSOA,E00073109,Trafalgar Rd Weston,160206,-2.391991101,51.39847261
12,Eastfield Avenue LSOA,E00073109,Trafalgar Rd Weston,160206,-2.392063432,51.39846649
12,Eastfield Avenue LSOA,E00073109,Trafalgar Rd Weston,160206,-2.392125801,51.39847702
12,Eastfield Avenue LSOA,E00073109,Trafalgar Rd Weston,160206,-2.392211042,51.39847476
12,Eastfield Avenue LSOA,E00073109,Trafalgar Rd Weston,160206,-2.392284308,51.39848081
23,Eastfield Avenue LSOA,E00073109,Trafalgar Rd Weston,160206,-2.391289056,51.39788033
12,Eastfield Avenue LSOA,E00073109,Trafalgar Rd Weston,160206,-2.389721348,51.39897266
12,Eastfield Avenue LSOA,E00073120,Trafalgar Rd Weston,160206,-2.392101587,51.39931557
12,Eastfield Avenue LSOA,E00073120,Trafalgar Rd Weston,160206,-2.39176413,51.40100276
12,Eastfield Avenue LSOA,E00073120,Trafalgar Rd Weston,160206,-2.391314022,51.40083683
12,Eastfield Avenue LSOA,E00073120,Trafalgar Rd Weston,160206,-2.391177294,51.40077656
23,Eastfield Avenue LSOA,E00073120,Trafalgar Rd Weston,160206,-2.388730911,51.398312
12,Eastfield Avenue LSOA,E00073124,Trafalgar Rd Weston,160206,-2.390734313,51.40016497
13,Weston High Street LSOA,E00073107,Trafalgar Rd Weston,160206,-2.388683256,51.39653134
13,Weston High Street LSOA,E00073107,Trafalgar Rd Weston,160206,-2.389266605,51.39719507
13,Weston High Street LSOA,E00073107,Trafalgar Rd Weston,160206,-2.389355404,51.3972166
17,Weston High Street LSOA,E00073107,Trafalgar Rd Weston,160206,-2.388594532,51.39802395
23,Weston High Street LSOA,E00073107,Trafalgar Rd Weston,160206,-2.388552838,51.39683136
23,Weston High Street LSOA,E00073107,Trafalgar Rd Weston,160206,-2.388479253,51.39681242
13,Weston High Street LSOA,E00073107,Trafalgar Rd Weston,160206,-2.388251265,51.39674611
21,Combe Down RFC LSOA,E00072669,Trinity Road,164111,-2.350729655,51.36466827
23,Combe Down RFC LSOA,E00072669,Trinity Road,164111,-2.349650438,51.36432674
23,Combe Down RFC LSOA,E00072669,Trinity Road,164111,-2.350894184,51.36487412
20,Twerton LSOA,E00073045,Twerton Local,160096,-2.396469303,51.38077954
17,Prior Park LSOA,E00073135,Tyning,160269,-2.34878936,51.37635289
17,Prior Park LSOA,E00073135,Tyning,160269,-2.348021558,51.37616509
17,Prior Park LSOA,E00073135,Tyning,160269,-2.34868126,51.37674142
17,Fairfield LSOA,E00072790,Uphill Drive,164009,-2.351362782,51.39950814
13,Fairfield LSOA,E00072790,Uphill Drive,164009,-2.351507689,51.39916133
20,Larkhall LSOA,E00072784,Uphill Drive,164009,-2.350044201,51.39999145
20,Lower Oldfield Park LSOA,E00073132,Upp Oldfield Park,160229,-2.374024732,51.37717133
17,Lower Oldfield Park LSOA,E00073132,Upp Oldfield Park,160229,-2.373994027,51.37608429
17,Lower Oldfield Park LSOA,E00073132,Upp Oldfield Park,160229,-2.37348302,51.37609073
23,Lower Oldfield Park LSOA,E00073133,Upp Oldfield Park,160229,-2.371448014,51.37649979
23,Moorfields LSOA,E00072916,Upp Oldfield Park,160229,-2.373146516,51.3754454
17,Moorland Road LSOA,E00072911,Upp Oldfield Park,160229,-2.374572127,51.37692652
17,Moorland Road LSOA,E00072911,Upp Oldfield Park,160229,-2.374622092,51.37673819
13,Camden East LSOA,E00073050,Upper East Hayes,160270,-2.350502252,51.39484252
23,Camden East LSOA,E00073050,Upper East Hayes,160270,-2.352622973,51.39415852
23,Camden East LSOA,E00073050,Upper East Hayes,160270,-2.351702663,51.3941943
13,Camden East LSOA,E00073060,Upper East Hayes,160270,-2.353497214,51.39300534
13,Camden East LSOA,E00073060,Upper East Hayes,160270,-2.353076745,51.39300533
14,Camden East LSOA,E00073068,Upper East Hayes,160270,-2.3541488,51.39379188
13,Kensington Meadows LSOA,E00073070,Upper East Hayes,160270,-2.350106098,51.39416571
17,Larkhall LSOA,E00072786,Valley View Rd,164075,-2.348419756,51.40165063
14,Lansdown LSOA,E00072797,Van Dieman'S Ln,160374,-2.364285659,51.3995825
23,Lansdown LSOA,E00189454,Van Dieman'S Ln,160374,-2.365162583,51.39993428
17,Odd Down North LSOA,E00072891,Vernham Grove,160279,-2.383332495,51.36051017
17,Odd Down North LSOA,E00072892,Vernham Grove,160279,-2.382912334,51.36011407
17,Odd Down North LSOA,E00072892,Vernham Grove,160279,-2.382958476,51.36015984
17,Odd Down North LSOA,E00072892,Vernham Grove,160279,-2.383272163,51.35993811
17,Odd Down North LSOA,E00072906,Vernham Grove,160279,-2.383345632,51.36090462
17,Odd Down North LSOA,E00072906,Vernham Grove,160279,-2.383373069,51.36106878
17,Odd Down South LSOA,E00072895,Vernham Grove,160279,-2.379892499,51.35987361
17,Rush Hill LSOA,E00170251,Vernham Grove,160279,-2.38427701,51.35961171
17,Rush Hill LSOA,E00170251,Vernham Grove,160279,-2.384404475,51.36077759
18,City Centre LSOA,E00072578,Vulcan House,160231,-2.357741599,51.38632341
23,City Centre LSOA,E00072578,Vulcan House,160231,-2.357086969,51.38695803
18,City Centre LSOA,E00072578,Vulcan House,160231,-2.357159575,51.38687215
23,City Centre LSOA,E00072578,Vulcan House,160231,-2.357259043,51.38679676
13,City Centre LSOA,E00072578,Vulcan House,160231,-2.356789106,51.38794606
23,City Centre LSOA,E00072578,Vulcan House,160231,-2.355953431,51.38825732
20,City Centre LSOA,E00072578,Vulcan House,160231,-2.356712097,51.3880143
23,City Centre LSOA,E00072573,Walcot St Car Park,164056,-2.358999473,51.38348619
21,Lansdown LSOA,E00072797,Waldegrave Rd,160378,-2.369280203,51.3942922
13,Lansdown LSOA,E00072798,Waldegrave Rd,160378,-2.370100986,51.39486368
23,Entry Hill LSOA,E00072825,Wansdyke Bath,160084,-2.37359622,51.3567398
17,Entry Hill LSOA,E00072825,Wansdyke Bath,160084,-2.375090455,51.35693923
17,Sulis Meadows LSOA,E00072900,Wansdyke Bath,160084,-2.37432232,51.35488973
17,Sulis Meadows LSOA,E00072900,Wansdyke Bath,160084,-2.373717133,51.35494004
17,Sulis Meadows LSOA,E00072900,Wansdyke Bath,160084,-2.374889724,51.35627744
17,Sulis Meadows LSOA,E00072900,Wansdyke Bath,160084,-2.375809234,51.35655178
23,Sulis Meadows LSOA,E00072900,Wansdyke Bath,160084,-2.376456567,51.35618128
20,Bathwick LSOA,E00072636,Warminster Road,160197,-2.346748969,51.38868975
20,Bathwick LSOA,E00072636,Warminster Road,160197,-2.347062219,51.38867102
20,Bathwick LSOA,E00072636,Warminster Road,160197,-2.347083917,51.3886075
20,Bathwick LSOA,E00072636,Warminster Road,160197,-2.34708494,51.3885557
20,Bathwick LSOA,E00072636,Warminster Road,160197,-2.347137239,51.38850428
20,Bathwick LSOA,E00072636,Warminster Road,160197,-2.347439742,51.38830869
20,Bathwick LSOA,E00072636,Warminster Road,160197,-2.347412742,51.38821749
20,Bathwick LSOA,E00072636,Warminster Road,160197,-2.347401994,51.38811132
23,Bathwick LSOA,E00072636,Warminster Road,160197,-2.347313789,51.38780138
20,Bathwick LSOA,E00072636,Warminster Road,160197,-2.347417227,51.38843678
17,University LSOA,E00072633,Warminster Road,160197,-2.343533501,51.38788643
14,University LSOA,E00072633,Warminster Road,160197,-2.345022792,51.38844487
17,University LSOA,E00072633,Warminster Road,160197,-2.34444571,51.38751293
20,University LSOA,E00072633,Warminster Road,160197,-2.345305842,51.38764735
14,University LSOA,E00072633,Warminster Road,160197,-2.345931695,51.38879677
14,University LSOA,E00072633,Warminster Road,160197,-2.345840578,51.38877791
14,University LSOA,E00072633,Warminster Road,160197,-2.345768357,51.38878889
14,University LSOA,E00072633,Warminster Road,160197,-2.345709503,51.38877968
14,University LSOA,E00072633,Warminster Road,160197,-2.345615048,51.38878325
23,Entry Hill LSOA,E00072822,Weatherly Ave,160073,-2.376979321,51.36259873
23,Odd Down North LSOA,E00072894,Weatherly Ave,160073,-2.379769535,51.36130378
23,Odd Down North LSOA,E00072894,Weatherly Ave,160073,-2.37926251,51.36152922
17,Odd Down North LSOA,E00072894,Weatherly Ave,160073,-2.380394582,51.3620049
23,Roundhill LSOA,E00073010,Wedmore Pk,160292,-2.398751797,51.36936455
17,The Hollow LSOA,E00073002,Wedmore Pk,160292,-2.396475801,51.37033557
15,Combe Down LSOA,E00072668,Wessex Water Operations Centre,164144,-2.319447386,51.3648521
10,Bearflat LSOA,E00072817,Westfield Close,160089,-2.367159636,51.36939215
17,Bloomfield LSOA,E00072820,Westfield Close,160089,-2.372263363,51.3673992
17,Bloomfield LSOA,E00072820,Westfield Close,160089,-2.372339006,51.36700196
23,Bloomfield LSOA,E00072820,Westfield Close,160089,-2.370747839,51.36769577
17,Bloomfield LSOA,E00072820,Westfield Close,160089,-2.37100084,51.36700236
23,Bloomfield LSOA,E00072820,Westfield Close,160089,-2.371170555,51.36726001
17,Bloomfield LSOA,E00072821,Westfield Close,160089,-2.369833825,51.3668422
23,Lower Oldfield Park LSOA,E00073133,Westmoreland Stat Rd,164054,-2.368377566,51.37722827
21,Weston Park LSOA,E00073118,Weston Lane,160090,-2.385368573,51.39238069
23,Weston Park LSOA,E00073118,Weston Lane,160090,-2.388148398,51.39383016
23,Weston Park LSOA,E00073118,Weston Lane,160090,-2.388123223,51.39379549
23,Weston Park LSOA,E00073118,Weston Lane,160090,-2.388091201,51.39374603
23,Weston Park LSOA,E00073118,Weston Lane,160090,-2.38805021,51.39370797
23,Weston Park LSOA,E00073118,Weston Lane,160090,-2.388020434,51.39366414
23,Weston Park LSOA,E00073118,Weston Lane,160090,-2.387996778,51.39362783
23,Weston Park LSOA,E00073118,Weston Lane,160090,-2.387960148,51.3935925
23,Weston Park LSOA,E00073118,Weston Lane,160090,-2.387918588,51.39355908
13,Upper Weston LSOA,E00073106,Weston Lodge,164125,-2.397808302,51.3999072
23,Upper Weston LSOA,E00073106,Weston Lodge,164125,-2.397687598,51.39987526
13,Upper Weston LSOA,E00073106,Weston Lodge,164125,-2.396971821,51.39862875
12,Weston High Street LSOA,E00073110,Weston Lodge,164125,-2.396820003,51.39731881
12,Weston High Street LSOA,E00073110,Weston Lodge,164125,-2.396905803,51.39734131
12,Weston High Street LSOA,E00073110,Weston Lodge,164125,-2.397154964,51.39743324
12,Weston High Street LSOA,E00073110,Weston Lodge,164125,-2.397174726,51.39738195
12,Weston High Street LSOA,E00073110,Weston Lodge,164125,-2.397198087,51.39728073
12,Weston High Street LSOA,E00073110,Weston Lodge,164125,-2.397218815,51.39722538
12,Weston High Street LSOA,E00073110,Weston Lodge,164125,-2.397189069,51.39715073
12,Weston High Street LSOA,E00073110,Weston Lodge,164125,-2.397164767,51.39708639
12,Weston High Street LSOA,E00073110,Weston Lodge,164125,-2.397179996,51.39711414
12,Weston High Street LSOA,E00073110,Weston Lodge,164125,-2.397134086,51.39705836
23,Lower Weston LSOA,E00072760,Weston Road,160097,-2.384584535,51.39077675
23,Lower Weston LSOA,E00072760,Weston Road,160097,-2.380230456,51.38942412
13,Lower Weston LSOA,E00072760,Weston Road,160097,-2.381043088,51.3888943
23,Lower Weston LSOA,E00072760,Weston Road,160097,-2.380319573,51.38810561
20,Weston Park LSOA,E00073118,Weston Road,160097,-2.38355414,51.39089698
20,Weston Park LSOA,E00073118,Weston Road,160097,-2.383102244,51.39090311
17,Southside LSOA,E00073039,Whiteway,160087,-2.402696595,51.37689062
17,Southside LSOA,E00073040,Whiteway,160087,-2.404202352,51.37462658
17,Southside LSOA,E00073040,Whiteway,160087,-2.403479225,51.37601203
17,Southside LSOA,E00073040,Whiteway,160087,-2.403064681,51.3761293
13,Southside LSOA,E00073040,Whiteway,160087,-2.402035012,51.37629456
17,Southside LSOA,E00073040,Whiteway,160087,-2.401672999,51.37538839
23,Twerton Park LSOA,E00073038,Whiteway,160087,-2.398609567,51.37567746
17,Twerton Park LSOA,E00073038,Whiteway,160087,-2.39988564,51.37608975
23,Alexandra Park LSOA,E00073140,Widcombe Bath City,160088,-2.353382409,51.37565527
23,Prior Park LSOA,E00073141,Widcombe Bath City,160088,-2.350886689,51.37559207
23,Redland Park LSOA,E00073034,Woodhouse B,160360,-2.401184941,51.38059502
14,Newbridge LSOA,E00072880,Yeomede Park,164044,-2.399796123,51.38845038
